Company,Symbol,TradingView,RS_1Year,RS_9Months,RS_6Months,RS_3Months,RS
2P,7204,TADAWUL:7204,7,9,13,16,13
A.OTHAIM MARKET,4001,TADAWUL:4001,10,12,8,3,8
ABO MOATI,4191,TADAWUL:4191,46,20,16,12,22
ACC,3010,TADAWUL:3010,66,55,26,27,41
ACIG,8150,TADAWUL:8150,18,40,81,81,61
ACWA,,,50,48,73,39,50
ADES,2382,TADAWUL:2382,85,47,70,28,52
ADVANCED,2330,TADAWUL:2330,21,14,36,42,31
AICC,8160,TADAWUL:8160,35,35,69,52,49
AL AZIZIAH REIT,4337,TADAWUL:4337,90,80,14,17,44
AL MAATHER REIT,4334,TADAWUL:4334,64,51,40,34,45
AL RAJHI REIT,4340,TADAWUL:4340,68,58,49,50,55
ALAHLI REIT 1,4338,TADAWUL:4338,70,57,48,59,59
ALAHLIA,8140,TADAWUL:8140,81,66,66,75,73
ALAKARIA,4020,TADAWUL:4020,73,91,82,63,75
ALAMAR,6014,TADAWUL:6014,44,60,52,72,60
ALANDALUS,4320,TADAWUL:4320,37,20,35,83,52
ALARABIA,4071,TADAWUL:4071,3,0,0,0,1
ALASEEL,4012,TADAWUL:4012,61,71,46,36,50
ALAWWAL,1040,TADAWUL:1040,87,66,66,75,74
ALBABTAIN,2320,TADAWUL:2320,74,37,26,15,34
ALBILAD,1140,TADAWUL:1140,56,56,38,79,62
ALDAWAA,4163,TADAWUL:4163,9,13,8,19,14
ALDREES,4200,TADAWUL:4200,71,48,37,84,65
ALETIHAD,8170,TADAWUL:8170,12,29,78,78,56
ALHAMMADI,4007,TADAWUL:4007,26,24,29,10,20
ALINMA,1150,TADAWUL:1150,93,92,75,70,80
ALINMA HOSPITALITY REIT,4349,TADAWUL:4349,63,38,39,29,40
ALINMA RETAIL REIT,4345,TADAWUL:4345,78,73,55,46,60
ALINMA TOKIO M,8312,TADAWUL:8312,81,66,66,75,73
ALISTITHMAR REIT,4350,TADAWUL:4350,47,50,24,51,45
ALJAZIRA REIT,4331,TADAWUL:4331,46,44,55,69,57
ALJOUF,6070,TADAWUL:6070,45,35,7,24,27
ALKATHIRI,3008,TADAWUL:3008,8,4,1,2,4
ALKHABEER REIT,4348,TADAWUL:4348,73,63,60,63,65
ALKHALEEJ TRNG,4290,TADAWUL:4290,3,6,10,14,10
ALKHODARI,1330,TADAWUL:1330,81,66,66,75,73
ALMAJDIAH,4326,TADAWUL:4326,2,3,3,18,9
ALMAJED OUD,4165,TADAWUL:4165,70,38,4,23,32
ALMARAI,2280,TADAWUL:2280,57,70,62,60,62
ALMASAR ALSHAMIL,6019,TADAWUL:6019,92,44,86,86,79
ALMAWARID,1833,TADAWUL:1833,84,54,86,41,62
ALMOOSA,4018,TADAWUL:4018,28,5,19,55,33
ALMUNAJEM,4162,TADAWUL:4162,72,87,90,45,68
ALOMRAN,4141,TADAWUL:4141,16,15,27,19,20
ALRAJHI,1120,TADAWUL:1120,65,60,40,62,58
ALRAJHI TAKAFUL,8230,TADAWUL:8230,54,95,47,54,61
ALRAMZ,4327,TADAWUL:4327,67,72,55,67,66
ALSAGR INSURANCE,8180,TADAWUL:8180,42,82,83,25,52
ALSAIF GALLERY,4192,TADAWUL:4192,62,57,40,33,45
ALUJAIN,2170,TADAWUL:2170,42,61,49,80,63
ALWASAIL INDUSTRIAL,,,54,31,79,88,68
ALYAMAMAH STEEL,1304,TADAWUL:1304,69,87,54,9,46
AMAK,1322,TADAWUL:1322,85,31,17,82,60
AMANA INSURANCE,8310,TADAWUL:8310,49,82,83,50,63
AMERICANA,6015,TADAWUL:6015,97,97,95,98,97
AMIANTIT,2160,TADAWUL:2160,10,18,29,17,19
AMLAK,1182,TADAWUL:1182,24,22,20,54,35
ANAAM HOLDING,4061,TADAWUL:4061,37,74,82,66,66
ANB,1080,TADAWUL:1080,67,80,81,91,82
APC,2200,TADAWUL:2200,95,98,94,82,91
ARAB SEA,7201,TADAWUL:7201,21,34,51,69,49
ARABIAN DRILLING,2381,TADAWUL:2381,96,45,92,71,76
ARABIAN MILLS,2285,TADAWUL:2285,70,71,58,12,45
ARABIAN SHIELD,8070,TADAWUL:8070,60,84,88,72,76
ARDCO,4150,TADAWUL:4150,11,16,32,59,36
ARMAH,,,93,83,82,92,89
ARTEX,2340,TADAWUL:2340,44,51,70,32,46
ASLAK,1301,TADAWUL:1301,29,36,44,82,55
ASTRA INDUSTRIAL,1212,TADAWUL:1212,64,45,16,56,48
ATAA,4292,TADAWUL:4292,15,8,7,7,9
ATC,8130,TADAWUL:8130,81,66,66,75,73
AVALON PHARMA,4016,TADAWUL:4016,63,62,89,92,80
AWPT,2081,TADAWUL:2081,23,11,11,8,13
AYYAN,2140,TADAWUL:2140,29,9,20,8,15
AZM,7211,TADAWUL:7211,75,88,96,99,92
BAAN,1820,TADAWUL:1820,53,80,78,44,60
BAAZEEM,4051,TADAWUL:4051,52,23,51,53,47
BAHRI,4030,TADAWUL:4030,98,93,88,97,95
BANAN,4324,TADAWUL:4324,31,41,43,87,58
BATIC,4110,TADAWUL:4110,49,51,32,11,31
BAWAN,1302,TADAWUL:1302,14,11,5,26,17
BCI,1210,TADAWUL:1210,61,49,53,80,65
BINDAWOOD,4161,TADAWUL:4161,53,72,71,57,62
BISHAH AGRICULTURE,6080,TADAWUL:6080,81,66,66,,43
BJAZ,1020,TADAWUL:1020,66,78,72,68,71
BONYAN REIT,4347,TADAWUL:4347,88,73,69,49,66
BSF,1050,TADAWUL:1050,96,92,80,90,90
BUDGET SAUDI,4260,TADAWUL:4260,6,4,5,51,24
BUILD STATION,4194,TADAWUL:4194,5,11,17,26,17
BUPA ARABIA,8210,TADAWUL:8210,74,88,42,32,54
BURGERIZZR,6016,TADAWUL:6016,22,10,24,27,22
BURUJ,8270,TADAWUL:8270,68,66,66,75,70
CARE,4005,TADAWUL:4005,20,24,19,88,48
CATRION,6004,TADAWUL:6004,21,27,41,21,27
CENOMI CENTERS,4321,TADAWUL:4321,29,25,30,38,32
CENOMI RETAIL,4240,TADAWUL:4240,8,21,80,91,59
CGS,,,19,12,43,63,40
CHEMANOL,2001,TADAWUL:2001,11,30,9,1,11
CHEMICAL,2230,TADAWUL:2230,86,89,58,39,63
CHERRY,4265,TADAWUL:4265,55,40,25,51,45
CHUBB,8240,TADAWUL:8240,12,32,74,22,33
CITY CEMENT,3003,TADAWUL:3003,22,26,10,34,26
CMCER,4021,TADAWUL:4021,15,27,38,37,31
DALLAH HEALTH,4004,TADAWUL:4004,16,10,6,10,11
DAR ALARKAN,4300,TADAWUL:4300,77,90,79,92,86
DBS,,,63,38,30,56,49
DERAYAH,4084,TADAWUL:4084,24,23,44,47,37
DERAYAH REIT,4339,TADAWUL:4339,71,73,73,48,63
DUR,4010,TADAWUL:4010,84,66,66,79,75
DWF,6013,TADAWUL:6013,25,16,41,13,22
EAST PIPES,1321,TADAWUL:1321,99,97,97,22,68
EIC,1303,TADAWUL:1303,98,95,31,71,74
ELM,7203,TADAWUL:7203,24,20,81,18,33
EMAAR EC,4220,TADAWUL:4220,34,54,60,52,51
ENAYA,8311,TADAWUL:8311,76,96,77,11,55
ENTAJ,2287,TADAWUL:2287,7,8,15,29,18
EPCCO,3080,TADAWUL:3080,62,70,61,27,50
EQUIPMENT HOUSE,4014,TADAWUL:4014,28,32,22,42,34
ETIHAD ETISALAT,7020,TADAWUL:7020,72,56,52,89,72
EXTRA,4003,TADAWUL:4003,31,12,12,15,17
FAKEEH CARE,4017,TADAWUL:4017,60,76,87,65,71
FARM SUPERSTORES,4006,TADAWUL:4006,18,15,18,14,16
FIPCO,2180,TADAWUL:2180,76,88,94,94,90
FIRST MILLS,2283,TADAWUL:2283,71,77,39,38,53
FITAIHI GROUP,4180,TADAWUL:4180,26,25,22,42,32
FLYNAS,4264,TADAWUL:4264,10,6,22,4,10
FOURTH MILLING,2286,TADAWUL:2286,84,81,57,37,60
GACO,6020,TADAWUL:6020,16,13,19,34,24
GAS,4146,TADAWUL:4146,78,93,92,47,72
GASCO HOLDING,,,38,7,8,18,18
GIG,8250,TADAWUL:8250,97,98,96,54,80
GO TELECOM,7040,TADAWUL:7040,40,50,46,43,45
GULF GENERAL,8260,TADAWUL:8260,39,53,61,61,55
GULF UNION ALAHLIA,8120,TADAWUL:8120,75,93,95,64,79
HB,6001,TADAWUL:6001,33,41,45,28,35
HCC,3001,TADAWUL:3001,86,66,66,75,74
HERFY FOODS,6002,TADAWUL:6002,19,60,51,67,53
JABAL OMAR,4250,TADAWUL:4250,62,89,84,97,86
JADWA REIT ALHARAMAIN,4332,TADAWUL:4332,65,55,59,56,59
JADWA REIT SAUDI,4342,TADAWUL:4342,51,25,13,8,21
JAHEZ,6017,TADAWUL:6017,9,27,56,30,31
JAMJOOM PHARMA,4015,TADAWUL:4015,53,43,33,13,32
JARIR,4190,TADAWUL:4190,96,94,91,61,81
JAZADCO,6090,TADAWUL:6090,32,53,21,41,38
JAZIRA TAKAFUL,8012,TADAWUL:8012,50,49,36,31,40
JOUF CEMENT,3091,TADAWUL:3091,34,14,42,57,41
KEC,4310,TADAWUL:4310,99,99,99,99,99
KINGDOM,4280,TADAWUL:4280,99,99,98,97,98
LADUN,,,51,28,16,10,23
LAZURDE,4011,TADAWUL:4011,33,21,14,14,20
LEEJAM SPORTS,1830,TADAWUL:1830,6,16,18,46,27
LIVA,8280,TADAWUL:8280,75,94,97,89,89
LUBEREF,2223,TADAWUL:2223,98,96,95,87,93
LUMI,4262,TADAWUL:4262,1,1,4,6,4
MAADANIYAH,2220,TADAWUL:2220,13,22,25,21,21
MAADEN,1211,TADAWUL:1211,77,62,54,86,73
MAHARAH,1831,TADAWUL:1831,94,32,30,16,38
MALATH INSURANCE,8020,TADAWUL:8020,27,58,74,37,47
MARAFIQ,2083,TADAWUL:2083,91,87,98,93,93
MASAR,4325,TADAWUL:4325,36,59,80,60,59
MBC GROUP,4072,TADAWUL:4072,7,3,7,12,9
MCDC,4100,TADAWUL:4100,58,59,35,40,47
MEDGULF,8030,TADAWUL:8030,66,97,89,57,74
MEFIC REIT,4346,TADAWUL:4346,57,46,32,49,47
MEPCO,1202,TADAWUL:1202,13,19,53,59,41
MESC,2370,TADAWUL:2370,90,99,99,90,94
METLIFE AIG ANB,8011,TADAWUL:8011,67,66,66,9,44
MIAHONA,2084,TADAWUL:2084,1,2,2,1,2
MIS,7200,TADAWUL:7200,99,99,99,99,99
MMG,1310,TADAWUL:1310,81,66,66,75,73
MODERN MILLS,2284,TADAWUL:2284,47,42,45,40,43
MOUWASAT,4002,TADAWUL:4002,59,46,35,79,60
MRNA,4082,TADAWUL:4082,39,34,52,93,63
MULKIA REIT,4336,TADAWUL:4336,68,57,58,60,61
MUSHARAKA REIT,4335,TADAWUL:4335,40,24,12,11,20
MUTAKAMELA,8040,TADAWUL:8040,42,62,92,62,64
NADEC,6010,TADAWUL:6010,20,15,15,28,22
NAHDI,4164,TADAWUL:4164,47,55,21,65,51
NAJRAN CEMENT,3002,TADAWUL:3002,30,33,27,48,38
NAMA CHEMICALS,2210,TADAWUL:2210,30,14,38,75,47
NAQI,2282,TADAWUL:2282,93,79,91,96,92
NASEEJ,1213,TADAWUL:1213,0,2,25,1,6
NAYIFAT,4081,TADAWUL:4081,37,26,56,70,52
NCLE,4291,TADAWUL:4291,56,42,91,83,71
NGC,2090,TADAWUL:2090,12,30,14,20,20
NICE ONE,4193,TADAWUL:4193,2,3,33,7,11
NOFOTH,,,26,7,9,24,18
NORTHERN CEMENT,3004,TADAWUL:3004,48,44,47,66,55
OASIS,3007,TADAWUL:3007,78,90,85,66,77
OGC,,,41,45,56,53,50
PETRO RABIGH,2380,TADAWUL:2380,99,99,99,99,99
PETROCHEM,2002,TADAWUL:2002,81,66,66,68,70
QACCO,3040,TADAWUL:3040,88,76,63,62,71
RAOOM,4144,TADAWUL:4144,95,81,85,91,89
RASAN,8313,TADAWUL:8313,97,86,57,15,54
RAYDAN,6012,TADAWUL:6012,7,10,37,96,50
RED SEA,4230,TADAWUL:4230,4,5,63,33,28
RETAL,4322,TADAWUL:4322,43,21,3,5,16
RIBL,1010,TADAWUL:1010,76,61,41,73,65
RIYAD REIT,4330,TADAWUL:4330,54,42,34,33,40
RIYADH CABLES,4142,TADAWUL:4142,51,19,26,24,29
RIYADH CEMENT,3092,TADAWUL:3092,38,36,29,38,36
SAB,1060,TADAWUL:1060,89,74,45,81,74
SABB TAKAFUL,8080,TADAWUL:8080,81,66,66,75,73
SABIC,2010,TADAWUL:2010,43,43,15,40,37
SABIC AGRI-NUTRIENTS,2020,TADAWUL:2020,87,84,23,72,68
SACO,4008,TADAWUL:4008,14,8,4,4,7
SADAFCO,2270,TADAWUL:2270,30,18,33,23,26
SADR,1832,TADAWUL:1832,48,43,36,23,35
SAHARA,2260,TADAWUL:2260,85,78,71,81,80
SAIB,1030,TADAWUL:1030,89,84,87,95,90
SAIC,2120,TADAWUL:2120,11,34,24,36,29
SAICO,8100,TADAWUL:8100,33,40,90,44,51
SAL,4263,TADAWUL:4263,69,77,75,53,66
SALAMA,8050,TADAWUL:8050,14,29,57,6,23
SALEH ALRASHED,,,45,19,2,45,32
SAMBA,1090,TADAWUL:1090,81,66,78,85,79
SANAD,8090,TADAWUL:8090,81,66,66,75,73
SAPTCO,4040,TADAWUL:4040,48,85,93,58,69
SARCO,2030,TADAWUL:2030,60,76,84,86,79
SASCO,4050,TADAWUL:4050,35,13,11,36,27
SAUDI ARAMCO,2222,TADAWUL:2222,87,81,48,64,69
SAUDI CABLE,2110,TADAWUL:2110,94,95,79,90,90
SAUDI CEMENT,3030,TADAWUL:3030,27,22,13,29,24
SAUDI CERAMICS,2040,TADAWUL:2040,34,33,11,19,24
SAUDI DARB,4130,TADAWUL:4130,27,48,59,39,43
SAUDI ENERGY,,,89,85,59,26,57
SAUDI GERMAN HEALTH,4009,TADAWUL:4009,4,36,20,31,25
SAUDI KAYAN,2350,TADAWUL:2350,69,78,50,61,64
SAUDI RE,8200,TADAWUL:8200,46,70,84,83,74
SAVOLA GROUP,2050,TADAWUL:2050,81,86,49,20,52
SEDCO CAPITAL REIT,4344,TADAWUL:4344,74,75,53,21,49
SEERA,1810,TADAWUL:1810,32,17,71,64,50
SENAAT,2240,TADAWUL:2240,43,9,5,3,13
SFICO,6050,TADAWUL:6050,9,37,93,2,29
SGS,4031,TADAWUL:4031,4,4,6,3,4
SHAKER,1214,TADAWUL:1214,3,5,3,6,5
SHARQIYAH DEV,6060,TADAWUL:6060,40,47,76,49,53
SHL,1183,TADAWUL:1183,22,26,44,35,33
SIDC,2130,TADAWUL:2130,52,96,99,58,73
SIECO,4140,TADAWUL:4140,92,75,62,55,68
SIIG,2250,TADAWUL:2250,17,46,28,20,27
SINAD HOLDING,4080,TADAWUL:4080,36,49,43,32,39
SIPCHEM,2310,TADAWUL:2310,15,23,12,17,17
SISCO HOLDING,2190,TADAWUL:2190,95,90,87,96,93
SMASCO,1834,TADAWUL:1834,64,79,76,30,56
SMC HEALTHCARE,4019,TADAWUL:4019,49,31,31,48,42
SNB,1180,TADAWUL:1180,90,79,54,85,79
SOLIDARITY,8290,TADAWUL:8290,81,66,66,75,73
SOLUTIONS,7202,TADAWUL:7202,56,54,85,87,74
SPCC,3050,TADAWUL:3050,23,29,10,44,31
SPIMACO,2070,TADAWUL:2070,91,91,75,95,90
SPM,2300,TADAWUL:2300,92,75,90,93,89
SPORT CLUBS,6018,TADAWUL:6018,45,52,89,98,77
SPPC,4270,TADAWUL:4270,20,35,60,68,51
SRMG,4210,TADAWUL:4210,1,1,1,4,3
SSP,1320,TADAWUL:1320,91,98,97,94,95
STC,7010,TADAWUL:7010,77,71,73,67,71
SULAIMAN ALHABIB,4013,TADAWUL:4013,55,37,28,88,60
SUMOU,4323,TADAWUL:4323,17,17,24,25,22
SVCP,2360,TADAWUL:2360,19,39,34,46,37
TADAWUL GROUP,1111,TADAWUL:1111,13,33,27,43,32
TADCO,6040,TADAWUL:6040,52,85,96,99,87
TAIBA,4090,TADAWUL:4090,58,83,48,69,66
TAKWEEN,1201,TADAWUL:1201,5,7,9,7,7
TALCO,4143,TADAWUL:4143,44,53,70,78,65
TALEEM REIT,4333,TADAWUL:4333,88,66,72,50,66
TAMKEEN,1835,TADAWUL:1835,41,28,47,58,47
TANMIAH,2281,TADAWUL:2281,26,56,74,71,60
TAPRCO,4070,TADAWUL:4070,23,92,98,98,82
TASHEEL,4083,TADAWUL:4083,5,2,2,5,4
TASNEE,2060,TADAWUL:2060,37,39,37,35,37
TAWUNIYA,8010,TADAWUL:8010,86,89,77,43,68
TCC,3090,TADAWUL:3090,31,18,18,31,26
TECO,4170,TADAWUL:4170,25,86,21,2,28
THEEB,4261,TADAWUL:4261,2,1,1,13,6
THIMAR,4160,TADAWUL:4160,35,30,34,30,32
UACC,3005,TADAWUL:3005,41,41,42,9,29
UCA,8190,TADAWUL:8190,18,52,88,84,66
UCIC,1323,TADAWUL:1323,55,58,77,79,70
WAFA INSURANCE,8110,TADAWUL:8110,81,66,66,75,73
WAFRAH,2100,TADAWUL:2100,38,69,76,41,53
WALAA,8060,TADAWUL:8060,58,77,93,84,80
WATANIYA,8300,TADAWUL:8300,59,82,86,89,81
WEQAYA TAKAFUL,8220,TADAWUL:8220,81,66,66,75,73
YANSAB,2290,TADAWUL:2290,73,91,46,94,80
YC,3020,TADAWUL:3020,32,47,23,22,30
YCC,3060,TADAWUL:3060,57,74,62,52,60
ZAIN KSA,7030,TADAWUL:7030,65,52,31,47,49
ZOUJAJ,2150,TADAWUL:2150,59,59,50,70,62
