period,Company,Symbol,Open,Highest,Lowest,Close,Change,Change %,Volume Traded,Value Traded
1 Year,EIC,,7.35,15.07,4.89,14.94,7.59,103.27,"1,226,349,806","83,987,487.00"
1 Year,RASAN,,88.50,146.2,67.7,142.4,53.9,60.90,"156,040,192","77,902,885.90"
1 Year,AMAK,,61.60,117.5,46.8,98,36.4,59.09,"86,925,053","29,060,369.90"
1 Year,ALBABTAIN,,44.25,72,37.55,68.55,24.3,54.92,"131,831,536","13,989,455.50"
1 Year,MAADEN,,48.70,79.9,37.85,72,23.3,47.84,"531,923,772","47,197,891.50"
1 Year,SAUDI CABLE,,123.00,175.9,107.6,165.7,42.7,34.72,"17,520,318","2,199,027.10"
1 Year,BAHRI,,24.48,34,21.08,30.76,6.28,25.65,"204,449,111","34,055,404.66"
1 Year,AL AZIZIAH REIT,,3.99,5.07,3.48,4.94,0.95,23.81,"74,066,964","1,628,795.65"
1 Year,SNB,,35.00,45.24,31.55,42.8,7.8,22.29,"1,203,408,425","135,981,462.22"
1 Year,BSF,,16.80,19.94,15.49,19.88,3.08,18.33,"558,545,772","164,092,079.01"
1 Year,CENOMI RETAIL,,15.26,35.38,10.08,17.94,2.68,17.56,"674,763,373","10,607,040.58"
1 Year,DAR ALARKAN,,17.52,23.94,14.58,20.2,2.68,15.30,"408,539,604","36,982,541.38"
1 Year,ETIHAD ETISALAT,,59.80,71.6,52.9,68.75,8.95,14.97,"251,469,903","57,660,486.55"
1 Year,MIS,,141.60,184.2,118,159.8,18.2,12.85,"16,782,033","15,639,485.60"
1 Year,JADWA REIT SAUDI,,10.06,11.67,9.7,11.3,1.24,12.33,"48,540,185","889,679.20"
1 Year,SABIC AGRI-NUTRIENTS,,113.60,129.6,94.7,126.6,13,11.44,"141,912,769","41,346,972.80"
1 Year,JARIR,,12.88,14.56,12,14.2,1.32,10.25,"388,080,873","8,634,205.72"
1 Year,ALYAMAMAH STEEL,,36.55,40.3,26.5,39.56,3.01,8.24,"87,531,167","22,699,443.54"
1 Year,ZAIN KSA,,11.20,13.36,10.02,11.94,0.74,6.61,"830,902,245","19,082,721.13"
1 Year,ADES,,17.20,19.38,12.16,18.1,0.9,5.23,"584,856,112","21,376,211.55"
1 Year,ALISTITHMAR REIT,,7.28,10.6,5.71,7.65,0.37,5.08,"73,422,089","210,328.22"
1 Year,CHERRY,,26.40,31.68,23.62,27.72,1.32,5.00,"60,685,112","4,502,104.34"
1 Year,ALRAJHI,,100.20,113,87.8,105,4.8,4.79,"850,204,502","261,991,384.70"
1 Year,ALINMA RETAIL REIT,,4.64,4.92,4.31,4.78,0.14,3.02,"49,129,752","1,423,312.71"
1 Year,ABO MOATI,,41.90,53.95,31.6,43,1.1,2.63,"103,571,282","3,114,632.26"
1 Year,SENAAT,,37.00,48.85,26.3,37.96,0.96,2.59,"162,645,258","10,785,919.94"
1 Year,ALMAJED OUD,,158.00,166.8,106.4,161.9,3.9,2.47,"28,543,638","9,047,806.80"
1 Year,ALAWWAL,,19.30,19.58,19,19.58,0.28,1.45,"2,622,060","30,693,634.94"
1 Year,ALMASAR ALSHAMIL,,23.09,28.18,18.33,23.39,0.3,1.30,"125,027,339","8,457,806.94"
1 Year,SEERA,,24.46,31.6,20.68,24.77,0.31,1.27,"237,640,314","8,085,627.76"
1 Year,HCC,,11.46,11.7,11.36,11.6,0.14,1.22,"1,904,604","11,976,960.50"
1 Year,Sahara,,17.26,17.48,16.7,17.46,0.2,1.16,"6,375,356","67,130,506.54"
1 Year,AL MAATHER REIT,,9.11,10.1,8.51,9.19,0.08,0.88,"13,498,615","120,409.92"
1 Year,SIECO,,2.47,2.98,1.77,2.49,0.02,0.81,"887,191,903","7,069,347.59"
1 Year,DUR,,26.80,27.3,26.4,27,0.2,0.75,"222,446","4,338,476.30"
1 Year,BONYAN REIT,,9.44,9.69,8.88,9.51,0.07,0.74,"19,397,993","284,606.66"
1 Year,BUPA ARABIA,,178.60,186.2,131.4,179.3,0.7,0.39,"43,038,645","61,086,844.70"
1 Year,SABB TAKAFUL,,11.50,11.98,11.5,11.5,0,0.00,"539,556","6,349,103.58"
1 Year,MMG,,12.55,12.9,11.8,12.55,0,0.00,"5,310,626","66,213,259.00"
1 Year,WAFA INSURANCE,,9.50,10,9.3,9.5,0,0.00,"915,571","8,767,344.86"
1 Year,ALAHLIA,,14.76,15.02,14.5,14.76,0,0.00,"1,119,353","16,457,121.40"
1 Year,ATC,,34.00,34.35,33.8,34,0,0.00,"263,305","8,968,049.20"
1 Year,PETROCHEM,,45.45,46,45.4,45.45,0,0.00,"102,240","4,661,416.70"
1 Year,ALRAMZ,,60.00,69.75,52.5,60,0,0.00,"9,201,947","896,394.10"
1 Year,Weqaya Takaful,,19.39,19.75,19.15,19.39,0,0.00,"1,694,478","32,930,031.50"
1 Year,ALKHODARI,,5.39,5.76,5.18,5.39,0,0.00,"4,609,164","25,244,810.49"
1 Year,Bishah Agriculture,,69.75,81,69.75,69.75,0,0.00,"4,570,725","339,704,400.75"
1 Year,ALINMA TOKIO M,,12.80,12.84,12.06,12.8,0,0.00,"765,899","9,519,564.54"
1 Year,SANAD,,15.23,17.75,14.75,15.23,0,0.00,"1,572,218","25,722,117.10"
1 Year,SAMBA,,38.50,39.1,37.8,38.5,0,0.00,"8,954,421","343,828,273.55"
1 Year,SOLIDARITY,,14.20,14.52,14.16,14.2,0,0.00,"636,038","9,053,258.36"
1 Year,NICE ONE,,65.30,69.3,14.81,15.2,-50.1,-76.72,"275,558,390","10,403,734.81"
1 Year,NASEEJ,,105.00,110.8,25.12,25.5,-79.5,-75.71,"70,515,749","2,701,353.46"
1 Year,JAHEZ,,36.30,37.45,11.54,12.65,-23.65,-65.15,"360,693,202","98,730,631.13"
1 Year,GULF GENERAL,,11.16,11.92,3.51,3.92,-7.24,-64.87,"78,968,183","835,756.99"
1 Year,UCA,,9.95,10.3,3.35,3.58,-6.37,-64.02,"103,847,121","1,560,961.37"
1 Year,RAYDAN,,51.60,52.16,18.65,19.06,-32.54,-63.06,"18,676,870","162,530.20"
1 Year,SAUDI GERMAN HEALTH,,80.50,81.6,31.46,34.06,-46.44,-57.69,"119,838,455","23,752,332.84"
1 Year,RED SEA,,55.30,56.9,23.31,23.63,-31.67,-57.27,"120,776,546","9,484,799.12"
1 Year,ALETIHAD,,17.94,18.04,7.5,7.67,-10.27,-57.25,"35,295,318","1,069,550.04"
1 Year,ACIG,,16.38,17.28,6.93,7.01,-9.37,-57.20,"103,720,435","583,893.24"
1 Year,ENTAJ,,65.00,72.8,27.8,28.18,-36.82,-56.65,"75,301,443","990,534.16"
1 Year,CHEMANOL,,16.04,16.42,6.7,7.01,-9.03,-56.30,"84,771,614","860,774.48"
1 Year,ALRAJHI TAKAFUL,,167.40,170.6,71.9,73.8,-93.6,-55.91,"40,729,656","22,162,540.50"
1 Year,SALAMA,,19.24,19.66,8.13,8.68,-10.56,-54.89,"49,743,762","607,573.49"
1 Year,SAIC,,35.80,36.1,15.87,16.16,-19.64,-54.86,"85,678,147","1,954,801.03"
1 Year,SRMG,,224.60,225.4,99.05,102.4,-122.2,-54.41,"20,309,625","10,430,125.00"
1 Year,SFICO,,124.00,130.2,56.4,57.3,-66.7,-53.79,"20,843,832","2,689,131.40"
1 Year,TANMIAH,,124.80,131,55,58.25,-66.55,-53.33,"23,633,475","3,358,847.15"
1 Year,ACWA,,384.96,406.39,167.5,180.3,-204.66,-53.16,"97,115,781","20,940,857.90"
1 Year,TADCO,,15.02,15.4,7.04,7.13,-7.89,-52.53,"30,412,377","410,651.20"
1 Year,SAPTCO,,19.24,19.6,9.1,9.14,-10.1,-52.49,"107,656,255","2,528,301.10"
1 Year,WALAA,,23.12,23.88,9.88,11.35,-11.77,-50.91,"183,682,548","6,824,485.74"
1 Year,SVCP,,38.75,39.05,19.5,19.72,-19.03,-49.11,"9,925,826","872,117.87"
1 Year,UCIC,,49.25,54.5,24.7,25.08,-24.17,-49.08,"97,866,273","2,136,138.13"
1 Year,CHUBB,,40.35,41.25,18.45,20.59,-19.76,-48.97,"82,290,683","4,608,251.74"
1 Year,ANAAM HOLDING,,22.42,24.42,11.11,11.62,-10.8,-48.17,"142,202,075","966,609.29"
1 Year,FAKEEH CARE,,63.40,65,32.8,32.98,-30.42,-47.98,"89,832,054","6,300,391.50"
1 Year,SAUDI DARB,,4.30,4.4,2.05,2.24,-2.06,-47.91,"1,697,252,355","3,113,864.64"
1 Year,SSP,,72.40,73.8,35.9,38,-34.4,-47.51,"51,874,935","4,236,647.94"
1 Year,JOUF CEMENT,,11.34,11.44,5.92,5.97,-5.37,-47.35,"66,596,451","679,428.64"
1 Year,AMIANTIT,,27.55,28.15,14.58,14.65,-12.9,-46.82,"122,966,805","2,657,473.77"
1 Year,TAPRCO,,28.39,31,15,15.15,-13.24,-46.64,"49,354,959","1,461,097.35"
1 Year,ALMUNAJEM,,96.50,98.4,49.02,51.6,-44.9,-46.53,"33,587,261","2,467,149.10"
1 Year,MEPCO,,35.80,36.7,18.8,19.2,-16.6,-46.37,"91,611,836","4,209,040.89"
1 Year,WATANIYA,,23.90,24.88,12.25,12.93,-10.97,-45.90,"61,575,805","2,079,884.30"
1 Year,BANAN,,6.75,6.99,3.38,3.66,-3.09,-45.78,"73,517,712","298,709.29"
1 Year,WAFRAH,,38.60,38.9,19.3,21,-17.6,-45.60,"22,190,754","492,234.41"
1 Year,ALAKARIA,,26.65,26.8,12.3,14.84,-11.81,-44.32,"208,290,980","17,363,064.10"
1 Year,EMAAR EC,,16.86,17.1,9.05,9.39,-7.47,-44.31,"62,351,582","1,301,894.13"
1 Year,APC,,9.32,9.66,4.53,5.21,-4.11,-44.10,"792,973,092","7,788,999.24"
1 Year,MBC GROUP,,55.00,56.4,27.56,31.08,-23.92,-43.49,"288,460,925","7,737,870.50"
1 Year,ARABIAN SHIELD,,20.50,20.6,10.11,11.63,-8.87,-43.27,"56,256,923","1,781,509.96"
1 Year,MALATH INSURANCE,,17.24,17.42,8.6,9.84,-7.4,-42.92,"58,565,557","950,356.68"
1 Year,MESC,,40.25,41.8,20.54,23,-17.25,-42.86,"116,080,241","9,795,208.87"
1 Year,AMANA INSURANCE,,10.72,10.94,5.66,6.15,-4.57,-42.63,"52,564,860","5,589,436.62"
1 Year,ARDCO,,33.50,36.2,18.75,19.3,-14.2,-42.39,"55,910,487","7,623,888.58"
1 Year,TAKWEEN,,10.20,10.48,5.5,5.88,-4.32,-42.35,"56,117,115","587,891.20"
1 Year,2P,,12.69,12.84,7.23,7.33,-5.36,-42.24,"136,068,506","2,186,055.86"
1 Year,CATRION,,135.00,138.6,76.95,78,-57,-42.22,"36,135,763","10,215,754.35"
1 Year,ALAMAR,,77.50,81.7,39,44.94,-32.56,-42.01,"27,198,278","2,583,604.78"
1 Year,BATIC,,3.62,3.69,1.89,2.11,-1.51,-41.71,"2,182,012,479","6,815,092.54"
1 Year,SIDC,,18.79,22.98,10.84,10.98,-7.81,-41.56,"90,421,777","2,262,800.02"
1 Year,MUTAKAMELA,,17.10,17.84,9.8,10.02,-7.08,-41.40,"26,537,213","981,407.84"
1 Year,MEDGULF,,27.40,28.4,11.04,16.14,-11.26,-41.09,"253,180,711","25,830,617.73"
1 Year,ALSAGR INSURANCE,,17.70,17.96,9.03,10.47,-7.23,-40.85,"89,680,112","3,783,623.21"
1 Year,ALKHALEEJ TRNG,,32.50,33.6,18.1,19.26,-13.24,-40.74,"62,614,934","1,360,614.61"
1 Year,HB,,55.40,57.8,30.74,32.94,-22.46,-40.54,"17,810,073","386,633.32"
1 Year,LEEJAM SPORTS,,162.00,164.6,93,97,-65,-40.12,"30,142,465","27,908,918.10"
1 Year,TALCO,,54.30,56.3,32.02,32.52,-21.78,-40.11,"24,402,722","946,845.68"
1 Year,FARM SUPERSTORES,,22.70,23.02,13.52,13.64,-9.06,-39.91,"19,401,230","228,499.81"
1 Year,SUMOU,,50.50,51.5,29.42,30.46,-20.04,-39.68,"41,605,202","3,033,071.02"
1 Year,SAVOLA GROUP,,37.85,38.9,20.98,22.84,-15.01,-39.66,"192,392,682","4,075,554.65"
1 Year,TCC,,13.98,14.2,8.31,8.5,-5.48,-39.20,"45,957,013","352,848.17"
1 Year,SHARQIYAH DEV,,22.00,22.88,13.31,13.4,-8.6,-39.09,"46,304,476","1,100,923.44"
1 Year,FITAIHI GROUP,,4.51,4.55,2.64,2.75,-1.76,-39.02,"469,439,616","2,712,274.26"
1 Year,SINAD HOLDING,,14.18,14.5,8.09,8.66,-5.52,-38.93,"57,611,262","419,694.77"
1 Year,LUMI,,71.70,78,43.42,43.84,-27.86,-38.86,"34,286,038","4,295,703.12"
1 Year,ALHAMMADI,,42.70,43.55,25.96,26.12,-16.58,-38.83,"83,857,758","4,506,260.54"
1 Year,A.OTHAIM MARKET,,10.40,10.5,6,6.39,-4.01,-38.56,"389,006,845","2,143,170.89"
1 Year,ALOMRAN,,37.85,38.55,23.2,23.38,-14.47,-38.23,"14,766,643","563,051.57"
1 Year,HERFY FOODS,,24.42,26.75,14,15.1,-9.32,-38.17,"58,044,610","678,856.72"
1 Year,GULF UNION ALAHLIA,,17.10,17.1,9.96,10.58,-6.52,-38.13,"30,918,031","351,455.61"
1 Year,LIVA,,17.12,17.16,10.1,10.67,-6.45,-37.68,"30,097,580","543,986.66"
1 Year,SPPC,,12.08,13.88,7.54,7.54,-4.54,-37.58,"96,899,137","1,022,874.11"
1 Year,ARAB SEA,,6.45,6.55,3.89,4.03,-2.42,-37.52,"173,952,058","959,776.79"
1 Year,ASLAK,,28.35,29.3,17.68,17.74,-10.61,-37.43,"15,998,480","1,052,525.68"
1 Year,BURGERIZZR,,14.30,14.5,7.72,8.95,-5.35,-37.41,"168,389,568","1,013,283.74"
1 Year,DERAYAH,,39.00,43.9,23.04,24.5,-14.5,-37.18,"236,344,586","22,529,482.45"
1 Year,EQUIPMENT HOUSE,,48.85,49.75,30.48,30.8,-18.05,-36.95,"14,580,723","501,053.30"
1 Year,SOLUTIONS,,325.00,330,202.4,205.8,-119.2,-36.68,"29,239,714","19,498,957.50"
1 Year,MIAHONA,,25.55,28.14,16,16.24,-9.31,-36.44,"266,430,962","5,297,176.16"
1 Year,SGS,,54.00,54.9,33.9,34.34,-19.66,-36.41,"94,623,093","3,393,094.38"
1 Year,MARAFIQ,,48.60,50.9,30.6,30.96,-17.64,-36.30,"112,774,415","19,283,259.82"
1 Year,YCC,,23.70,23.94,14.17,15.16,-8.54,-36.03,"89,318,748","2,798,743.46"
1 Year,JAZADCO,,13.06,13.22,7.55,8.4,-4.66,-35.68,"29,210,811","173,454.11"
1 Year,ALANDALUS,,25.50,26.8,16.32,16.45,-9.05,-35.49,"16,449,439","217,846.58"
1 Year,MODERN MILLS,,41.20,41.5,26.38,26.66,-14.54,-35.29,"23,012,625","1,258,266.70"
1 Year,JABAL OMAR,,25.85,26.5,14.08,16.75,-9.1,-35.20,"943,669,216","64,163,837.43"
1 Year,SPCC,,33.00,34.3,21,21.4,-11.6,-35.15,"19,079,418","664,548.06"
1 Year,ALDAWAA,,75.30,87.3,48.7,49.08,-26.22,-34.82,"37,961,034","3,223,938.92"
1 Year,ELM,,"1,089.40",1114,659.5,712.5,-376.9,-34.60,"19,527,582","108,369,393.00"
1 Year,NADEC,,27.00,27.55,17.45,17.67,-9.33,-34.56,"238,094,695","17,711,436.62"
1 Year,BUILD STATION,,80.80,93,52,53.45,-27.35,-33.85,"32,890,256","1,868,933.90"
1 Year,SADAFCO,,323.80,324.6,210.2,214.3,-109.5,-33.82,"7,101,261","22,295,065.00"
1 Year,SAICO,,17.36,18.02,10.68,11.5,-5.86,-33.76,"29,887,806","933,553.29"
1 Year,SHAKER,,25.53,26.18,16.39,17,-8.53,-33.41,"81,509,969","837,173.41"
1 Year,CITY CEMENT,,19.76,21.88,12.1,13.21,-6.55,-33.15,"63,402,208","2,079,900.25"
1 Year,ALMAJDIAH,,13.83,14.46,8.95,9.31,-4.52,-32.68,"221,626,993","4,306,594.16"
1 Year,NGC,,21.96,24,14.3,14.84,-7.12,-32.42,"36,663,597","1,011,684.24"
1 Year,FIPCO,,43.25,43.9,28.94,29.34,-13.91,-32.16,"13,464,017","336,098.58"
1 Year,ENAYA,,12.82,12.92,6.4,8.7,-4.12,-32.14,"50,277,581","8,631,528.23"
1 Year,ZOUJAJ,,53.50,54.5,34.5,36.38,-17.12,-32.00,"44,178,780","873,070.40"
1 Year,SIPCHEM,,22.22,22.54,14.36,15.17,-7.05,-31.73,"440,055,575","9,396,239.38"
1 Year,AICC,,13.18,13.3,8.5,9,-4.18,-31.71,"26,857,555","1,485,964.25"
1 Year,OGC,,37.00,41.6,23.81,25.3,-11.7,-31.62,"42,099,662","6,198,467.20"
1 Year,AYYAN,,17.98,18.14,11.4,12.31,-5.67,-31.54,"99,990,107","4,037,268.66"
1 Year,RIYADH CEMENT,,35.85,37.3,22.98,24.6,-11.25,-31.38,"60,434,399","2,156,648.95"
1 Year,ARTEX,,15.08,15.26,10.08,10.39,-4.69,-31.10,"25,079,881","299,932.23"
1 Year,JAZIRA TAKAFUL,,16.16,16.38,10.7,11.14,-5.02,-31.06,"23,020,743","717,343.52"
1 Year,RAOOM,,86.00,93.8,54,59.3,-26.7,-31.05,"12,189,958","420,574.55"
1 Year,UACC,,19.28,20.34,12.1,13.32,-5.96,-30.91,"21,954,283","426,327.14"
1 Year,SAL,,253.20,264,156,175.6,-77.6,-30.65,"50,691,846","14,108,387.50"
1 Year,THEEB,,49.13,49.98,33.5,34.1,-15.03,-30.59,"38,309,035","2,304,017.02"
1 Year,SARCO,,72.60,74.1,48.64,50.55,-22.05,-30.37,"23,603,639","1,207,191.85"
1 Year,TAIBA,,49.80,51.1,30.4,34.86,-14.94,-30.00,"65,678,665","1,090,124.34"
1 Year,ALUJAIN,,34.85,40.05,24.3,24.4,-10.45,-29.99,"68,869,907","3,087,339.16"
1 Year,ASTRA INDUSTRIAL,,191.20,192.4,125.6,134,-57.2,-29.92,"27,979,640","5,879,318.00"
1 Year,EPCCO,,34.55,36.4,22.94,24.42,-10.13,-29.32,"31,337,525","571,962.37"
1 Year,SIIG,,18.85,20,11.41,13.37,-5.48,-29.07,"249,630,499","3,559,553.71"
1 Year,NORTHERN CEMENT,,9.70,9.72,6.81,6.94,-2.76,-28.45,"75,097,701","698,518.00"
1 Year,THIMAR,,49.95,52.7,31.72,35.76,-14.19,-28.41,"74,212,504","3,507,141.80"
1 Year,BINDAWOOD,,6.65,6.75,4.46,4.78,-1.87,-28.12,"200,284,281","1,843,235.63"
1 Year,TADAWUL GROUP,,209.40,215,133,151.1,-58.3,-27.84,"52,925,255","37,637,192.50"
1 Year,DALLAH HEALTH,,149.80,157.3,108,108.3,-41.5,-27.70,"20,503,353","7,175,150.40"
1 Year,YC,,36.25,40.55,22.59,26.3,-9.95,-27.45,"97,199,412","8,060,976.54"
1 Year,SAUDI RE,,36.50,37.25,25.45,26.5,-10,-27.40,"234,661,186","6,814,571.90"
1 Year,DWF,,135.20,149.7,93,98.65,-36.55,-27.03,"11,367,051","1,226,995.90"
1 Year,NAMA CHEMICALS,,29.80,31.85,19.95,21.82,-7.98,-26.78,"17,436,331","595,203.43"
1 Year,SACO,,33.05,34.8,24,24.26,-8.79,-26.60,"30,483,998","871,603.95"
1 Year,NCLE,,169.20,183,123.2,124.4,-44.8,-26.48,"7,823,720","3,026,277.90"
1 Year,YANSAB,,36.95,37.6,26.08,27.2,-9.75,-26.39,"122,215,011","21,565,395.12"
1 Year,BURUJ,,21.70,22.16,14.62,16.01,-5.69,-26.22,"12,930,183","1,872,712.11"
1 Year,NAJRAN CEMENT,,8.66,9,6.3,6.43,-2.23,-25.75,"76,720,492","1,461,653.78"
1 Year,ALMARAI,,57.40,58.1,41.2,42.68,-14.72,-25.64,"197,315,507","17,654,213.54"
1 Year,GACO,,20.40,20.5,15,15.29,-5.11,-25.05,"22,017,128","185,405.02"
1 Year,OASIS,,3.36,3.41,2.09,2.54,-0.82,-24.40,"236,454,924","3,381,118.54"
1 Year,BUDGET SAUDI,,78.50,83.4,58.4,59.6,-18.9,-24.08,"47,948,461","5,012,882.20"
1 Year,BAAN,,2.46,2.69,1.7,1.87,-0.59,-23.98,"930,467,269","5,414,127.82"
1 Year,SMASCO,,7.58,7.63,4.98,5.81,-1.77,-23.35,"420,973,735","4,231,177.56"
1 Year,CMCER,,8.25,9.14,5.89,6.33,-1.92,-23.27,"122,133,707","1,971,145.03"
1 Year,MAADANIYAH,,17.12,18.5,12.52,13.14,-3.98,-23.25,"53,843,609","813,137.70"
1 Year,ALJAZIRA REIT,,14.94,16.48,11.28,11.47,-3.47,-23.23,"19,289,243","64,199.22"
1 Year,TASHEEL,,187.40,190,141.7,145.2,-42.2,-22.52,"14,380,930","20,112,611.40"
1 Year,SASCO,,72.70,74,49.02,56.35,-16.35,-22.49,"55,270,902","11,817,714.80"
1 Year,ATAA,,74.00,75.9,49.6,57.45,-16.55,-22.36,"11,015,871","1,801,130.05"
1 Year,GIG,,30.10,30.9,20.84,23.37,-6.73,-22.36,"26,566,191","1,106,037.08"
1 Year,MOUWASAT,,84.90,88.1,65.1,66,-18.9,-22.26,"121,295,984","20,709,927.45"
1 Year,FLYNAS,,77.30,84.1,59,60.1,-17.2,-22.25,"164,224,693","28,064,571.70"
1 Year,ALARABIA,,149.80,152.4,79.7,117.4,-32.4,-21.63,"61,646,845","6,338,953.30"
1 Year,JAMJOOM PHARMA,,165.80,183.8,127.4,130.8,-35,-21.11,"15,565,589","5,052,307.60"
1 Year,FIRST MILLS,,62.10,64.4,46.1,49.02,-13.08,-21.06,"14,569,496","744,602.76"
1 Year,MCDC,,110.20,113.4,67.95,87,-23.2,-21.05,"53,033,756","2,763,983.00"
1 Year,ARABIAN MILLS,,49.45,50.3,36.6,39.04,-10.41,-21.05,"29,240,681","1,940,361.38"
1 Year,CGS,,10.08,10.95,7.81,7.96,-2.12,-21.03,"81,949,179","4,196,160.52"
1 Year,AMERICANA,,2.63,2.67,1.62,2.08,-0.55,-20.91,"7,127,465,732","104,857,408.27"
1 Year,BCI,,31.45,31.8,24.52,24.98,-6.47,-20.57,"9,267,160","411,178.06"
1 Year,MRNA,,11.48,12.73,9,9.13,-2.35,-20.47,"29,517,633","397,535.27"
1 Year,SAUDI CEMENT,,42.85,46.7,33.86,34.14,-8.71,-20.33,"42,107,559","3,615,242.40"
1 Year,SAUDI CERAMICS,,34.30,34.65,24,27.34,-6.96,-20.29,"124,637,761","3,023,614.48"
1 Year,JADWA REIT ALHARAMAIN,,6.23,6.78,4.8,4.98,-1.25,-20.06,"23,164,040","32,939.04"
1 Year,SMC HEALTHCARE,,24.16,25,17.3,19.67,-4.49,-18.58,"168,741,637","3,351,635.46"
1 Year,AWPT,,155.00,172.4,117.3,126.3,-28.7,-18.52,"17,560,897","4,256,289.30"
1 Year,GASCO,,107.00,107.6,65.8,87.4,-19.6,-18.32,"19,510,782","5,598,575.90"
1 Year,SAUDI ELECTRICITY,,17.06,17.22,13.64,13.94,-3.12,-18.29,"380,172,213","21,148,769.86"
1 Year,AVALON PHARMA,,137.00,140,108,112.3,-24.7,-18.03,"8,761,692","2,114,856.30"
1 Year,RIYAD REIT,,6.26,6.4,4.93,5.15,-1.11,-17.73,"36,179,563","170,872.97"
1 Year,QACCO,,52.20,54.3,40.5,42.96,-9.24,-17.70,"42,352,147","3,765,021.88"
1 Year,CARE,,171.80,183.5,132.5,141.5,-30.3,-17.64,"23,986,778","64,292,092.90"
1 Year,BAWAN,,54.70,61.85,42.25,45.12,-9.58,-17.51,"46,293,003","3,682,665.88"
1 Year,RETAL,,15.76,18.24,10.57,13,-2.76,-17.51,"284,851,840","43,601,038.60"
1 Year,ALKATHIRI,,2.54,2.58,1.75,2.1,-0.44,-17.32,"487,626,169","2,035,965.36"
1 Year,ALMAWARID,,102.45,118.2,83.25,85,-17.45,-17.03,"19,859,701","4,223,781.05"
1 Year,NAYIFAT,,14.44,14.98,11.54,11.99,-2.45,-16.97,"59,097,805","1,875,585.43"
1 Year,ALSAIF GALLERY,,7.96,8,6.11,6.61,-1.35,-16.96,"80,856,281","1,525,352.01"
1 Year,LAZURDE,,13.64,14.4,11.18,11.34,-2.3,-16.86,"55,120,023","947,214.39"
1 Year,BJAZ,,14.41,14.66,10.81,12,-2.41,-16.72,"780,753,001","47,464,823.94"
1 Year,NAHDI,,119.00,132.1,91,99.35,-19.65,-16.51,"57,367,816","5,580,343.60"
1 Year,ADVANCED,,30.30,38.64,23.9,25.44,-4.86,-16.04,"196,881,809","14,707,978.58"
1 Year,TAMKEEN,,59.70,62.9,46.8,50.2,-9.5,-15.91,"35,455,403","5,216,814.40"
1 Year,SADR,,3.31,3.37,2.48,2.8,-0.51,-15.41,"379,836,245","2,123,535.34"
1 Year,KEC,,14.74,15.78,11.38,12.48,-2.26,-15.33,"89,465,582","1,584,227.27"
1 Year,AMLAK,,13.16,13.9,9.3,11.16,-2,-15.20,"80,765,762","290,905.35"
1 Year,AZM,,28.60,31.7,21.95,24.3,-4.3,-15.03,"28,817,256","9,295,452.40"
1 Year,ALBILAD,,31.50,32.92,23.38,26.78,-4.72,-14.98,"443,587,239","49,844,662.00"
1 Year,CHEMICAL,,9.65,9.88,6.06,8.23,-1.42,-14.72,"1,417,640,215","57,463,275.22"
1 Year,SAUDI KAYAN,,6.55,6.55,4.46,5.6,-0.95,-14.50,"1,347,253,082","42,051,942.79"
1 Year,RIYADH CABLES,,148.60,151.6,105.4,127.1,-21.5,-14.47,"55,209,559","7,693,237.30"
1 Year,ALDREES,,147.40,154.1,109.6,126.4,-21,-14.25,"78,459,667","23,892,251.60"
1 Year,ACC,,26.70,27.25,20.43,22.9,-3.8,-14.23,"42,796,797","2,449,266.68"
1 Year,TECO,,17.20,24.4,10.5,14.76,-2.44,-14.19,"426,931,359","31,367,108.25"
1 Year,ALMOOSA,,171.80,212,126.6,148.1,-23.7,-13.80,"14,137,397","1,839,089.70"
1 Year,GAS,,16.24,17.99,12.02,14,-2.24,-13.79,"31,563,748","7,881,184.22"
1 Year,SABIC,,65.70,65.9,48.2,56.75,-8.95,-13.62,"434,130,281","40,802,843.65"
1 Year,SULAIMAN ALHABIB,,286.60,291.8,227.7,248.4,-38.2,-13.33,"48,652,167","58,093,258.70"
1 Year,SPM,,64.20,72.2,48.3,55.75,-8.45,-13.16,"37,004,830","2,697,113.95"
1 Year,NAQI,,64.40,65.1,49.06,56.4,-8,-12.42,"11,840,727","1,191,481.40"
1 Year,ALWASAIL INDUSTRIAL,,3.40,3.69,2.96,3,-0.4,-11.76,"15,444,162","605,331.12"
1 Year,SISCO HOLDING,,32.95,38.38,23.5,29.12,-3.83,-11.62,"104,308,373","7,856,754.78"
1 Year,ARABIAN DRILLING,,102.60,107,72,91.1,-11.5,-11.21,"62,969,614","6,647,929.80"
1 Year,CENOMI CENTERS,,21.16,23.52,18.32,18.84,-2.32,-10.96,"295,069,840","5,569,202.09"
1 Year,NOFOTH,,9.50,10.69,8.35,8.46,-1.04,-10.95,"5,524,674","2,367,318.47"
1 Year,SEDCO CAPITAL REIT,,7.97,8.03,6.14,7.1,-0.87,-10.92,"49,492,876","960,978.41"
1 Year,EXTRA,,96.70,98,82.85,86.25,-10.45,-10.81,"60,851,538","17,402,496.50"
1 Year,GO TELECOM,,103.00,113.9,80,92.4,-10.6,-10.29,"72,904,126","13,669,379.55"
1 Year,BAAZEEM,,6.65,7.1,4.84,5.97,-0.68,-10.23,"103,455,885","581,413.75"
1 Year,FOURTH MILLING,,4.14,4.23,3.34,3.72,-0.42,-10.14,"339,280,736","4,124,450.03"
1 Year,ALASEEL,,4.16,4.3,3.18,3.74,-0.42,-10.10,"219,834,535","26,817,207.83"
1 Year,MULKIA REIT,,5.08,5.52,4.45,4.57,-0.51,-10.04,"24,954,474","124,582.71"
1 Year,SPORT CLUBS,,9.30,13.46,7.59,8.38,-0.92,-9.89,"1,102,596,443","4,469,486.18"
1 Year,TASNEE,,10.00,11.94,8.53,9.04,-0.96,-9.60,"468,395,419","6,250,100.50"
1 Year,LUBEREF,,108.00,109.2,81.3,97.7,-10.3,-9.54,"64,323,673","16,055,224.00"
1 Year,ALAHLI REIT 1,,7.14,7.35,6.05,6.52,-0.62,-8.68,"15,861,378","218,906.08"
1 Year,DERAYAH REIT,,5.71,5.95,4.97,5.22,-0.49,-8.58,"29,368,114","120,817.74"
1 Year,MEFIC REIT,,3.98,4.11,3.34,3.64,-0.34,-8.54,"42,532,852","126,180.05"
1 Year,MASAR,,19.50,26.98,16.01,17.9,-1.6,-8.21,"860,150,864","16,694,431.91"
1 Year,PETRO RABIGH,,7.76,9.48,6.26,7.13,-0.63,-8.12,"884,924,973","16,999,313.66"
1 Year,SAIB,,15.12,15.32,12.72,13.93,-1.19,-7.87,"142,710,271","9,182,731.88"
1 Year,METLIFE AIG ANB,,15.50,16.56,14.02,14.3,-1.2,-7.74,"2,247,629","17,571,429.72"
1 Year,SAUDI ARAMCO,,27.65,27.75,23.04,25.6,-2.05,-7.41,"2,935,508,525","113,706,458.40"
1 Year,ALJOUF,,54.20,55.2,40.65,50.3,-3.9,-7.20,"32,354,261","1,624,832.41"
1 Year,SHL,,17.56,24.9,14.91,16.3,-1.26,-7.18,"57,552,904","6,767,621.11"
1 Year,SAB,,36.45,38,29.9,34.14,-2.31,-6.34,"449,403,798","40,142,967.26"
1 Year,ALINMA,,30.70,31.3,23.94,28.9,-1.8,-5.86,"1,482,026,719","74,574,188.82"
1 Year,MUSHARAKA REIT,,4.51,5.06,3.99,4.25,-0.26,-5.76,"27,569,250","20,341.61"
1 Year,MAHARAH,,6.70,6.91,4.39,6.35,-0.35,-5.22,"674,657,282","16,385,693.42"
1 Year,EAST PIPES,,157.00,165,100.2,148.9,-8.1,-5.16,"40,540,268","13,843,776.60"
1 Year,TAWUNIYA,,148.40,161,111.8,141,-7.4,-4.99,"91,390,447","72,693,552.70"
1 Year,KINGDOM,,9.51,9.65,7.03,9.14,-0.37,-3.89,"133,917,779","6,149,951.25"
1 Year,SPIMACO,,31.50,32.2,20.94,30.32,-1.18,-3.75,"99,284,864","5,365,018.82"
1 Year,TALEEM REIT,,10.24,11.04,9.21,9.88,-0.36,-3.52,"18,387,059","194,001.15"
1 Year,RIBL,,29.05,33.2,25.3,28.12,-0.93,-3.20,"557,595,480","46,479,795.74"
1 Year,Al RAJHI REIT,,8.26,8.56,7.7,8,-0.26,-3.15,"53,812,022","755,246.72"
1 Year,ANB,,21.60,26.26,19.5,21,-0.6,-2.78,"373,870,149","19,454,444.40"
1 Year,ALKHABEER REIT,,5.77,6.09,5.5,5.65,-0.12,-2.08,"34,759,261","596,357.87"
1 Year,ALINMA HOSPITALITY REIT,,8.20,8.5,7.8,8.03,-0.17,-2.07,"41,482,872","164,493.08"
1 Year,STC,,44.25,48.3,40.7,43.6,-0.65,-1.47,"876,606,881","257,138,023.64"
9 Months,EIC,,7.21,15.07,6.71,14.94,7.73,107.21,"837,261,670","83,987,487.00"
9 Months,AMAK,,57.30,117.5,53.5,98,40.7,71.03,"69,426,131","29,060,369.90"
9 Months,RASAN,,83.80,146.2,74.1,142.4,58.6,69.93,"92,495,574","77,902,885.90"
9 Months,MAADEN,,51.40,79.9,46.8,72,20.6,40.08,"363,161,064","47,197,891.50"
9 Months,ALBABTAIN,,49.10,72,46.55,68.55,19.45,39.61,"93,521,465","13,989,455.50"
9 Months,SABIC AGRI-NUTRIENTS,,97.60,129.6,94.7,126.6,29,29.71,"110,110,800","41,346,972.80"
9 Months,ALYAMAMAH STEEL,,31.25,40.3,26.5,39.56,8.31,26.59,"70,241,746","22,699,443.54"
9 Months,BAHRI,,24.80,34,21.08,30.76,5.96,24.03,"135,816,697","34,055,404.66"
9 Months,ADES,,14.62,19.38,12.16,18.1,3.48,23.80,"474,835,279","21,376,211.55"
9 Months,MAHARAH,,5.26,6.91,4.39,6.35,1.09,20.72,"529,460,763","16,385,693.42"
9 Months,SNB,,35.55,45.24,33.3,42.8,7.25,20.39,"869,887,972","135,981,462.22"
9 Months,SAUDI CABLE,,138.40,175.9,119.2,165.7,27.3,19.73,"9,916,734","2,199,027.10"
9 Months,MIS,,136.00,184.2,125,159.8,23.8,17.50,"12,571,864","15,639,485.60"
9 Months,ETIHAD ETISALAT,,58.90,71.6,54.6,68.75,9.85,16.72,"172,952,629","57,660,486.55"
9 Months,ALMAJED OUD,,138.80,166.2,106.4,161.9,23.1,16.64,"17,106,333","9,047,806.80"
9 Months,EAST PIPES,,129.60,161.8,100.2,148.9,19.3,14.89,"33,698,052","13,843,776.60"
9 Months,JARIR,,12.44,14.56,12,14.2,1.76,14.15,"295,399,874","8,634,205.72"
9 Months,GASCO,,76.80,95.75,65.8,87.4,10.6,13.80,"14,123,053","5,598,575.90"
9 Months,SPIMACO,,26.80,31.66,21.76,30.32,3.52,13.13,"63,642,611","5,365,018.82"
9 Months,BSF,,17.58,19.94,15.49,19.88,2.3,13.08,"408,679,356","164,092,079.01"
9 Months,AL AZIZIAH REIT,,4.40,5.07,3.72,4.94,0.54,12.27,"33,887,786","1,628,795.65"
9 Months,JADWA REIT SAUDI,,10.20,11.67,9.8,11.3,1.1,10.78,"32,472,203","889,679.20"
9 Months,ARABIAN DRILLING,,82.80,107,72,91.1,8.3,10.02,"49,546,671","6,647,929.80"
9 Months,ALRAJHI,,97.00,113,87.8,105,8,8.25,"617,104,124","261,991,384.70"
9 Months,ZAIN KSA,,11.06,11.94,10.02,11.94,0.88,7.96,"409,884,979","19,082,721.13"
9 Months,ABO MOATI,,40.05,53.95,31.6,43,2.95,7.37,"83,655,590","3,114,632.26"
9 Months,SAUDI KAYAN,,5.29,6.41,4.46,5.6,0.31,5.86,"1,180,058,279","42,051,942.79"
9 Months,ALINMA,,27.40,29.26,23.94,28.9,1.5,5.47,"1,157,132,178","74,574,188.82"
9 Months,Sahara,,16.60,17.48,16.3,17.46,0.86,5.18,"8,347,353","67,130,506.54"
9 Months,PETRO RABIGH,,6.79,9.48,6.26,7.13,0.34,5.01,"836,272,973","16,999,313.66"
9 Months,CHERRY,,26.40,31.68,23.62,27.72,1.32,5.00,"60,685,112","4,502,104.34"
9 Months,KINGDOM,,8.75,9.58,7.03,9.14,0.39,4.46,"85,227,870","6,149,951.25"
9 Months,SEDCO CAPITAL REIT,,6.86,7.25,6.14,7.1,0.24,3.50,"40,215,630","960,978.41"
9 Months,ALINMA RETAIL REIT,,4.62,4.92,4.31,4.78,0.16,3.46,"42,938,213","1,423,312.71"
9 Months,SIECO,,2.41,2.98,1.77,2.49,0.08,3.32,"785,026,760","7,069,347.59"
9 Months,BAAZEEM,,5.79,7.1,4.84,5.97,0.18,3.11,"85,592,261","581,413.75"
9 Months,ALJOUF,,48.85,51.6,40.65,50.3,1.45,2.97,"24,124,804","1,624,832.41"
9 Months,NAQI,,55.00,64.8,49.06,56.4,1.4,2.55,"9,919,048","1,191,481.40"
9 Months,CENOMI RETAIL,,17.54,35.38,15.5,17.94,0.4,2.28,"585,619,889","10,607,040.58"
9 Months,CHEMICAL,,8.09,8.63,6.06,8.23,0.14,1.73,"1,220,530,956","57,463,275.22"
9 Months,DAR ALARKAN,,19.88,20.97,14.58,20.2,0.32,1.61,"246,716,409","36,982,541.38"
9 Months,ALBILAD,,26.40,30.16,23.38,26.78,0.38,1.44,"338,666,582","49,844,662.00"
9 Months,ALMASAR ALSHAMIL,,23.09,28.18,18.33,23.39,0.3,1.30,"125,027,339","8,457,806.94"
9 Months,BUPA ARABIA,,177.40,183.8,131.4,179.3,1.9,1.07,"33,283,834","61,086,844.70"
9 Months,STC,,43.15,45.38,40.7,43.6,0.45,1.04,"606,943,418","257,138,023.64"
9 Months,BONYAN REIT,,9.45,9.69,8.88,9.51,0.06,0.63,"15,560,182","284,606.66"
9 Months,AL MAATHER REIT,,9.14,9.85,8.51,9.19,0.05,0.55,"9,127,240","120,409.92"
9 Months,SAB,,34.00,36.24,29.9,34.14,0.14,0.41,"336,620,011","40,142,967.26"
9 Months,EXTRA,,85.90,93.5,82.85,86.25,0.35,0.41,"42,565,471","17,402,496.50"
9 Months,SISCO HOLDING,,29.10,38.38,23.5,29.12,0.02,0.07,"86,061,224","7,856,754.78"
9 Months,SABB TAKAFUL,,11.50,11.98,11.5,11.5,0,0.00,"539,556","6,349,103.58"
9 Months,ALRAMZ,,60.00,69.75,52.5,60,0,0.00,"9,201,947","896,394.10"
9 Months,ATC,,34.00,34.35,33.8,34,0,0.00,"263,305","8,968,049.20"
9 Months,MMG,,12.55,12.9,11.8,12.55,0,0.00,"5,310,626","66,213,259.00"
9 Months,METLIFE AIG ANB,,14.30,15.4,14.02,14.3,0,0.00,"1,191,763","17,571,429.72"
9 Months,ALAHLIA,,14.76,15.02,14.5,14.76,0,0.00,"1,119,353","16,457,121.40"
9 Months,Weqaya Takaful,,19.39,19.75,19.15,19.39,0,0.00,"1,694,478","32,930,031.50"
9 Months,PETROCHEM,,45.45,46,45.4,45.45,0,0.00,"102,240","4,661,416.70"
9 Months,SOLIDARITY,,14.20,14.52,14.16,14.2,0,0.00,"636,038","9,053,258.36"
9 Months,ALKHODARI,,5.39,5.76,5.18,5.39,0,0.00,"4,609,164","25,244,810.49"
9 Months,Bishah Agriculture,,69.75,81,69.75,69.75,0,0.00,"4,570,725","339,704,400.75"
9 Months,DUR,,27.00,27.1,26.4,27,0,0.00,"162,456","4,338,476.30"
9 Months,HCC,,11.60,11.7,11.54,11.6,0,0.00,"1,029,618","11,976,960.50"
9 Months,ALINMA TOKIO M,,12.80,12.84,12.06,12.8,0,0.00,"765,899","9,519,564.54"
9 Months,SANAD,,15.23,17.75,14.75,15.23,0,0.00,"1,572,218","25,722,117.10"
9 Months,ALAWWAL,,19.58,19.58,19,19.58,0,0.00,"1,587,561","30,693,634.94"
9 Months,SAMBA,,38.50,39.1,37.8,38.5,0,0.00,"8,954,421","343,828,273.55"
9 Months,WAFA INSURANCE,,9.50,10,9.3,9.5,0,0.00,"915,571","8,767,344.86"
9 Months,NASEEJ,,85.90,110.8,25.12,25.5,-60.4,-70.31,"61,411,552","2,701,353.46"
9 Months,NICE ONE,,35.00,35.95,14.81,15.2,-19.8,-56.57,"135,746,853","10,403,734.81"
9 Months,JAHEZ,,27.00,28.46,11.54,12.65,-14.35,-53.15,"263,544,150","98,730,631.13"
9 Months,UCA,,7.30,7.87,3.35,3.58,-3.72,-50.96,"90,234,471","1,560,961.37"
9 Months,UCIC,,49.25,54.5,24.7,25.08,-24.17,-49.08,"97,866,273","2,136,138.13"
9 Months,ACIG,,13.08,13.56,6.93,7.01,-6.07,-46.41,"75,268,379","583,893.24"
9 Months,RAYDAN,,35.44,35.7,18.65,19.06,-16.38,-46.22,"14,359,960","162,530.20"
9 Months,SAUDI GERMAN HEALTH,,62.40,62.8,31.46,34.06,-28.34,-45.42,"99,391,188","23,752,332.84"
9 Months,SFICO,,104.60,107.4,56.4,57.3,-47.3,-45.22,"14,931,989","2,689,131.40"
9 Months,ALETIHAD,,13.98,14.27,7.5,7.67,-6.31,-45.14,"21,977,378","1,069,550.04"
9 Months,TAPRCO,,27.44,31,15,15.15,-12.29,-44.79,"41,795,723","1,461,097.35"
9 Months,GULF GENERAL,,7.08,7.24,3.51,3.92,-3.16,-44.63,"62,001,340","835,756.99"
9 Months,SAUDI DARB,,3.96,4.05,2.05,2.24,-1.72,-43.43,"1,000,540,833","3,113,864.64"
9 Months,ENTAJ,,49.60,51.2,27.8,28.18,-21.42,-43.19,"29,234,621","990,534.16"
9 Months,RED SEA,,41.40,49.94,23.31,23.63,-17.77,-42.92,"95,431,029","9,484,799.12"
9 Months,TANMIAH,,99.70,103,55,58.25,-41.45,-41.57,"15,387,038","3,358,847.15"
9 Months,ARDCO,,32.95,35.92,18.75,19.3,-13.65,-41.43,"40,224,103","7,623,888.58"
9 Months,CHEMANOL,,11.80,13.96,6.7,7.01,-4.79,-40.59,"70,597,617","860,774.48"
9 Months,WALAA,,18.94,19.04,9.88,11.35,-7.59,-40.07,"153,634,554","6,824,485.74"
9 Months,SAIC,,26.95,29.18,15.87,16.16,-10.79,-40.04,"52,379,537","1,954,801.03"
9 Months,ALRAJHI TAKAFUL,,121.20,132.8,71.9,73.8,-47.4,-39.11,"33,761,400","22,162,540.50"
9 Months,SVCP,,32.05,32.75,19.5,19.72,-12.33,-38.47,"8,121,326","872,117.87"
9 Months,ALDAWAA,,79.60,81.3,48.7,49.08,-30.52,-38.34,"26,915,011","3,223,938.92"
9 Months,ACWA,,288.32,291.89,167.5,180.3,-108.02,-37.47,"85,056,108","20,940,857.90"
9 Months,TADCO,,11.40,11.94,7.04,7.13,-4.27,-37.46,"22,072,589","410,651.20"
9 Months,SIDC,,17.54,22.98,10.84,10.98,-6.56,-37.40,"76,859,220","2,262,800.02"
9 Months,ALUJAIN,,38.95,40.05,24.3,24.4,-14.55,-37.36,"50,064,154","3,087,339.16"
9 Months,MUTAKAMELA,,15.88,17.17,9.8,10.02,-5.86,-36.90,"20,305,315","981,407.84"
9 Months,AMIANTIT,,23.20,24.58,14.58,14.65,-8.55,-36.85,"83,679,252","2,657,473.77"
9 Months,ALAKARIA,,23.44,23.54,12.3,14.84,-8.6,-36.69,"169,147,230","17,363,064.10"
9 Months,SAPTCO,,14.40,15,9.1,9.14,-5.26,-36.53,"88,782,059","2,528,301.10"
9 Months,SPPC,,11.86,13.87,7.54,7.54,-4.32,-36.42,"70,297,900","1,022,874.11"
9 Months,HERFY FOODS,,23.74,26.36,14,15.1,-8.64,-36.39,"39,046,468","678,856.72"
9 Months,MIAHONA,,25.45,28.14,16,16.24,-9.21,-36.19,"188,886,467","5,297,176.16"
9 Months,CATRION,,121.80,126.4,76.95,78,-43.8,-35.96,"28,779,512","10,215,754.35"
9 Months,SALAMA,,13.48,14.34,8.13,8.68,-4.8,-35.61,"34,857,612","607,573.49"
9 Months,SSP,,58.40,61.9,35.9,38,-20.4,-34.93,"36,840,170","4,236,647.94"
9 Months,MEPCO,,29.20,31.52,18.8,19.2,-10,-34.25,"65,582,859","4,209,040.89"
9 Months,BUILD STATION,,80.80,93,52,53.45,-27.35,-33.85,"32,890,256","1,868,933.90"
9 Months,JOUF CEMENT,,9.02,9.12,5.92,5.97,-3.05,-33.81,"56,880,948","679,428.64"
9 Months,ALHAMMADI,,39.10,39.5,25.96,26.12,-12.98,-33.20,"60,300,874","4,506,260.54"
9 Months,ALMAJDIAH,,13.83,14.46,8.95,9.31,-4.52,-32.68,"221,626,993","4,306,594.16"
9 Months,LUMI,,65.10,66.2,43.42,43.84,-21.26,-32.66,"23,029,665","4,295,703.12"
9 Months,ELM,,"1,050.00",1089,659.5,712.5,-337.5,-32.14,"14,697,205","108,369,393.00"
9 Months,SRMG,,150.20,202.1,99.05,102.4,-47.8,-31.82,"15,228,049","10,430,125.00"
9 Months,OGC,,37.00,41.6,23.81,25.3,-11.7,-31.62,"42,099,662","6,198,467.20"
9 Months,EMAAR EC,,13.66,14.76,9.05,9.39,-4.27,-31.26,"47,283,768","1,301,894.13"
9 Months,ANAAM HOLDING,,16.66,17.52,11.11,11.62,-5.04,-30.25,"93,209,629","966,609.29"
9 Months,WAFRAH,,30.00,30.7,19.3,21,-9,-30.00,"15,973,494","492,234.41"
9 Months,FARM SUPERSTORES,,19.44,19.6,13.52,13.64,-5.8,-29.84,"13,050,337","228,499.81"
9 Months,ALAMAR,,64.00,64.7,39,44.94,-19.06,-29.78,"24,056,640","2,583,604.78"
9 Months,CITY CEMENT,,18.80,19.18,12.1,13.21,-5.59,-29.73,"49,399,388","2,079,900.25"
9 Months,MALATH INSURANCE,,13.98,14.18,8.6,9.84,-4.14,-29.61,"35,701,133","950,356.68"
9 Months,GULF UNION ALAHLIA,,14.96,15.64,9.96,10.58,-4.38,-29.28,"19,377,223","351,455.61"
9 Months,JABAL OMAR,,23.56,24.26,14.08,16.75,-6.81,-28.90,"765,346,529","64,163,837.43"
9 Months,SPCC,,30.10,30.5,21,21.4,-8.7,-28.90,"14,446,145","664,548.06"
9 Months,FITAIHI GROUP,,3.86,3.9,2.64,2.75,-1.11,-28.76,"274,117,485","2,712,274.26"
9 Months,SGS,,48.20,51.7,33.9,34.34,-13.86,-28.76,"68,302,522","3,393,094.38"
9 Months,AMANA INSURANCE,,8.61,9.27,5.66,6.15,-2.46,-28.57,"40,156,105","5,589,436.62"
9 Months,ARAB SEA,,5.62,5.83,3.89,4.03,-1.59,-28.29,"131,646,310","959,776.79"
9 Months,TAKWEEN,,8.17,8.67,5.5,5.88,-2.29,-28.03,"40,007,338","587,891.20"
9 Months,TALCO,,45.15,45.95,32.02,32.52,-12.63,-27.97,"15,389,903","946,845.68"
9 Months,HB,,45.70,47.76,30.74,32.94,-12.76,-27.92,"13,898,941","386,633.32"
9 Months,2P,,10.16,11.16,7.23,7.33,-2.83,-27.85,"108,699,696","2,186,055.86"
9 Months,SUMOU,,42.20,44.7,29.42,30.46,-11.74,-27.82,"29,732,026","3,033,071.02"
9 Months,YC,,36.35,37.25,22.59,26.3,-10.05,-27.65,"77,729,421","8,060,976.54"
9 Months,NGC,,20.50,24,14.3,14.84,-5.66,-27.61,"29,745,567","1,011,684.24"
9 Months,TCC,,11.74,11.78,8.31,8.5,-3.24,-27.60,"34,899,180","352,848.17"
9 Months,YCC,,20.90,21.08,14.17,15.16,-5.74,-27.46,"76,488,883","2,798,743.46"
9 Months,ARABIAN SHIELD,,16.00,16.58,10.11,11.63,-4.37,-27.31,"36,798,697","1,781,509.96"
9 Months,MESC,,31.50,35.2,20.54,23,-8.5,-26.98,"84,519,967","9,795,208.87"
9 Months,CHUBB,,28.16,33.2,18.45,20.59,-7.57,-26.88,"65,400,881","4,608,251.74"
9 Months,WATANIYA,,17.68,18.32,12.25,12.93,-4.75,-26.87,"39,873,448","2,079,884.30"
9 Months,MODERN MILLS,,36.45,36.8,26.38,26.66,-9.79,-26.86,"17,748,331","1,258,266.70"
9 Months,AICC,,12.30,12.62,8.5,9,-3.3,-26.83,"18,804,198","1,485,964.25"
9 Months,SADAFCO,,292.80,298.4,210.2,214.3,-78.5,-26.81,"5,353,800","22,295,065.00"
9 Months,MBC GROUP,,42.45,45.65,27.56,31.08,-11.37,-26.78,"257,868,453","7,737,870.50"
9 Months,FAKEEH CARE,,45.00,45.9,32.8,32.98,-12.02,-26.71,"57,151,613","6,300,391.50"
9 Months,JAZADCO,,11.44,11.64,7.55,8.4,-3.04,-26.57,"19,167,999","173,454.11"
9 Months,ALKHALEEJ TRNG,,26.05,29.38,18.1,19.26,-6.79,-26.07,"42,953,265","1,360,614.61"
9 Months,LEEJAM SPORTS,,131.00,151.7,93,97,-34,-25.95,"21,803,735","27,908,918.10"
9 Months,SAICO,,15.50,15.89,10.68,11.5,-4,-25.81,"20,486,297","933,553.29"
9 Months,ASLAK,,23.90,26.1,17.68,17.74,-6.16,-25.77,"12,480,644","1,052,525.68"
9 Months,MARAFIQ,,41.65,45.3,30.6,30.96,-10.69,-25.67,"74,126,035","19,283,259.82"
9 Months,MASAR,,24.02,26.98,16.01,17.9,-6.12,-25.48,"460,691,801","16,694,431.91"
9 Months,ALMUNAJEM,,68.80,79.5,49.02,51.6,-17.2,-25.00,"28,678,645","2,467,149.10"
9 Months,JAMJOOM PHARMA,,174.40,181.3,127.4,130.8,-43.6,-25.00,"10,657,409","5,052,307.60"
9 Months,SOLUTIONS,,274.20,280.2,202.4,205.8,-68.4,-24.95,"21,244,358","19,498,957.50"
9 Months,ALOMRAN,,31.10,33.7,23.2,23.38,-7.72,-24.82,"11,469,013","563,051.57"
9 Months,RIYADH CEMENT,,32.70,33,22.98,24.6,-8.1,-24.77,"45,435,150","2,156,648.95"
9 Months,EPCCO,,32.45,32.75,22.94,24.42,-8.03,-24.75,"28,488,945","571,962.37"
9 Months,SARCO,,67.00,73,48.64,50.55,-16.45,-24.55,"18,272,598","1,207,191.85"
9 Months,ALANDALUS,,21.80,23.16,16.32,16.45,-5.35,-24.54,"12,684,831","217,846.58"
9 Months,NAJRAN CEMENT,,8.44,8.46,6.3,6.43,-2.01,-23.82,"50,967,003","1,461,653.78"
9 Months,BANAN,,4.80,5.32,3.38,3.66,-1.14,-23.75,"47,757,049","298,709.29"
9 Months,SHAKER,,22.29,24.4,16.39,17,-5.29,-23.73,"50,717,197","837,173.41"
9 Months,BINDAWOOD,,6.24,6.69,4.46,4.78,-1.46,-23.40,"148,787,564","1,843,235.63"
9 Months,CMCER,,8.25,9.14,5.89,6.33,-1.92,-23.27,"122,133,707","1,971,145.03"
9 Months,APC,,6.79,6.92,4.53,5.21,-1.58,-23.27,"641,389,262","7,788,999.24"
9 Months,SINAD HOLDING,,11.28,11.8,8.09,8.66,-2.62,-23.23,"40,837,597","419,694.77"
9 Months,A.OTHAIM MARKET,,8.30,8.38,6,6.39,-1.91,-23.01,"277,562,368","2,143,170.89"
9 Months,ARTEX,,13.46,14.78,10.08,10.39,-3.07,-22.81,"19,073,449","299,932.23"
9 Months,NAMA CHEMICALS,,28.20,29.48,19.95,21.82,-6.38,-22.62,"13,534,712","595,203.43"
9 Months,FLYNAS,,77.30,84.1,59,60.1,-17.2,-22.25,"164,224,693","28,064,571.70"
9 Months,MEDGULF,,20.68,21.08,11.04,16.14,-4.54,-21.95,"207,551,483","25,830,617.73"
9 Months,SACO,,31.00,33.34,24,24.26,-6.74,-21.74,"22,536,743","871,603.95"
9 Months,SHARQIYAH DEV,,17.12,18.3,13.31,13.4,-3.72,-21.73,"28,074,709","1,100,923.44"
9 Months,SAUDI RE,,33.80,36.09,25.5,26.5,-7.3,-21.60,"149,468,593","6,814,571.90"
9 Months,EQUIPMENT HOUSE,,39.20,41,30.48,30.8,-8.4,-21.43,"10,291,320","501,053.30"
9 Months,UACC,,16.94,17.54,12.1,13.32,-3.62,-21.37,"15,273,415","426,327.14"
9 Months,CGS,,10.08,10.95,7.81,7.96,-2.12,-21.03,"81,949,179","4,196,160.52"
9 Months,SIPCHEM,,19.12,21.23,14.36,15.17,-3.95,-20.66,"341,519,667","9,396,239.38"
9 Months,NCLE,,156.60,183,123.2,124.4,-32.2,-20.56,"5,534,429","3,026,277.90"
9 Months,ALSAGR INSURANCE,,13.18,15.1,9.03,10.47,-2.71,-20.56,"69,526,615","3,783,623.21"
9 Months,THEEB,,42.75,44.7,33.5,34.1,-8.65,-20.23,"29,752,662","2,304,017.02"
9 Months,JAZIRA TAKAFUL,,13.88,14.02,10.7,11.14,-2.74,-19.74,"15,847,230","717,343.52"
9 Months,LIVA,,13.20,14.47,10.1,10.67,-2.53,-19.17,"24,502,168","543,986.66"
9 Months,ALMAWARID,,105.15,111.53,83.25,85,-20.15,-19.16,"14,045,525","4,223,781.05"
9 Months,SHL,,20.12,24.9,14.91,16.3,-3.82,-18.99,"51,951,655","6,767,621.11"
9 Months,SAUDI CEMENT,,42.00,42.15,33.86,34.14,-7.86,-18.71,"29,350,516","3,615,242.40"
9 Months,ALJAZIRA REIT,,14.10,14.7,11.28,11.47,-2.63,-18.65,"11,455,916","64,199.22"
9 Months,SMC HEALTHCARE,,24.16,25,17.3,19.67,-4.49,-18.58,"168,741,637","3,351,635.46"
9 Months,TASHEEL,,177.40,178.9,141.7,145.2,-32.2,-18.15,"10,344,576","20,112,611.40"
9 Months,SPM,,68.10,72.2,48.82,55.75,-12.35,-18.14,"28,021,832","2,697,113.95"
9 Months,FIPCO,,35.80,37.2,28.94,29.34,-6.46,-18.04,"10,112,123","336,098.58"
9 Months,NORTHERN CEMENT,,8.44,8.65,6.81,6.94,-1.5,-17.77,"51,957,443","698,518.00"
9 Months,MRNA,,11.02,12.73,9,9.13,-1.89,-17.15,"25,392,351","397,535.27"
9 Months,ALMARAI,,51.40,54.05,41.2,42.68,-8.72,-16.96,"136,605,986","17,654,213.54"
9 Months,NADEC,,21.24,22.7,17.45,17.67,-3.57,-16.81,"143,847,062","17,711,436.62"
9 Months,NAHDI,,119.40,132.1,91,99.35,-20.05,-16.79,"48,739,126","5,580,343.60"
9 Months,JADWA REIT ALHARAMAIN,,5.97,6.1,4.8,4.98,-0.99,-16.58,"17,086,050","32,939.04"
9 Months,QACCO,,51.50,52.3,40.5,42.96,-8.54,-16.58,"36,395,088","3,765,021.88"
9 Months,BUDGET SAUDI,,71.40,78.95,58.4,59.6,-11.8,-16.53,"30,419,721","5,012,882.20"
9 Months,ASTRA INDUSTRIAL,,160.00,164.4,126.5,134,-26,-16.25,"18,730,521","5,879,318.00"
9 Months,MCDC,,103.80,107.8,67.95,87,-16.8,-16.18,"42,156,426","2,763,983.00"
9 Months,ZOUJAJ,,43.35,46.45,34.5,36.38,-6.97,-16.08,"34,164,130","873,070.40"
9 Months,AYYAN,,14.64,14.8,11.4,12.31,-2.33,-15.92,"76,298,646","4,037,268.66"
9 Months,TADAWUL GROUP,,179.60,215,133,151.1,-28.5,-15.87,"45,538,280","37,637,192.50"
9 Months,KEC,,14.80,15,11.38,12.48,-2.32,-15.68,"58,538,359","1,584,227.27"
9 Months,AZM,,28.60,31.7,21.95,24.3,-4.3,-15.03,"28,817,256","9,295,452.40"
9 Months,BURGERIZZR,,10.50,11.32,7.72,8.95,-1.55,-14.76,"117,738,556","1,013,283.74"
9 Months,ADVANCED,,29.80,38.64,23.9,25.44,-4.36,-14.63,"130,336,154","14,707,978.58"
9 Months,SENAAT,,44.20,47.96,28.68,37.96,-6.24,-14.12,"125,126,035","10,785,919.94"
9 Months,CARE,,164.60,183.5,132.5,141.5,-23.1,-14.03,"16,401,479","64,292,092.90"
9 Months,GAS,,16.24,17.99,12.02,14,-2.24,-13.79,"31,563,748","7,881,184.22"
9 Months,BCI,,28.95,29.2,24.52,24.98,-3.97,-13.71,"6,569,556","411,178.06"
9 Months,SMASCO,,6.70,6.84,4.98,5.81,-0.89,-13.28,"282,857,655","4,231,177.56"
9 Months,FIRST MILLS,,56.50,60.2,46.1,49.02,-7.48,-13.24,"8,862,427","744,602.76"
9 Months,MOUWASAT,,76.00,80.7,65.1,66,-10,-13.16,"78,501,448","20,709,927.45"
9 Months,SAVOLA GROUP,,26.15,28.65,20.98,22.84,-3.31,-12.66,"129,517,627","4,075,554.65"
9 Months,DWF,,112.80,149.7,93,98.65,-14.15,-12.54,"9,081,170","1,226,995.90"
9 Months,GO TELECOM,,105.60,113.9,83.7,92.4,-13.2,-12.50,"53,125,199","13,669,379.55"
9 Months,LAZURDE,,12.96,13.89,11.18,11.34,-1.62,-12.50,"36,517,470","947,214.39"
9 Months,BAAN,,2.13,2.69,1.7,1.87,-0.26,-12.21,"856,595,181","5,414,127.82"
9 Months,TECO,,16.80,24.4,10.5,14.76,-2.04,-12.14,"388,404,707","31,367,108.25"
9 Months,ENAYA,,9.90,10.43,6.4,8.7,-1.2,-12.12,"34,013,581","8,631,528.23"
9 Months,RAOOM,,67.40,75.9,54,59.3,-8.1,-12.02,"8,866,012","420,574.55"
9 Months,BAWAN,,51.20,61.85,42.25,45.12,-6.08,-11.88,"34,529,637","3,682,665.88"
9 Months,ARABIAN MILLS,,44.30,48.9,36.6,39.04,-5.26,-11.87,"20,713,658","1,940,361.38"
9 Months,ALWASAIL INDUSTRIAL,,3.40,3.69,2.96,3,-0.4,-11.76,"15,444,162","605,331.12"
9 Months,AWPT,,142.80,157.2,117.3,126.3,-16.5,-11.55,"13,059,672","4,256,289.30"
9 Months,GACO,,17.28,19.55,15,15.29,-1.99,-11.52,"17,440,385","185,405.02"
9 Months,TAMKEEN,,56.60,62.9,46.8,50.2,-6.4,-11.31,"24,059,021","5,216,814.40"
9 Months,YANSAB,,30.65,37.28,26.08,27.2,-3.45,-11.26,"93,396,081","21,565,395.12"
9 Months,DERAYAH,,27.55,32,23.04,24.5,-3.05,-11.07,"111,212,618","22,529,482.45"
9 Months,BATIC,,2.37,2.57,1.89,2.11,-0.26,-10.97,"1,526,131,902","6,815,092.54"
9 Months,RETAL,,14.60,16.43,10.57,13,-1.6,-10.96,"237,084,108","43,601,038.60"
9 Months,NOFOTH,,9.50,10.69,8.35,8.46,-1.04,-10.95,"5,524,674","2,367,318.47"
9 Months,RIYAD REIT,,5.78,5.87,4.93,5.15,-0.63,-10.90,"26,831,560","170,872.97"
9 Months,SIIG,,15.00,20,11.41,13.37,-1.63,-10.87,"196,229,959","3,559,553.71"
9 Months,AVALON PHARMA,,125.80,138.4,108,112.3,-13.5,-10.73,"6,133,303","2,114,856.30"
9 Months,BURUJ,,17.92,19.9,14.62,16.01,-1.91,-10.66,"8,764,388","1,872,712.11"
9 Months,THIMAR,,40.00,50.85,31.72,35.76,-4.24,-10.60,"64,001,645","3,507,141.80"
9 Months,ALASEEL,,4.18,4.24,3.18,3.74,-0.44,-10.53,"173,212,754","26,817,207.83"
9 Months,ALISTITHMAR REIT,,8.50,9.87,6.7,7.65,-0.85,-10.00,"57,389,467","210,328.22"
9 Months,SPORT CLUBS,,9.30,13.46,7.59,8.38,-0.92,-9.89,"1,102,596,443","4,469,486.18"
9 Months,TAIBA,,38.65,43,30.4,34.86,-3.79,-9.81,"48,742,740","1,090,124.34"
9 Months,MAADANIYAH,,14.54,18.5,12.54,13.14,-1.4,-9.63,"46,351,864","813,137.70"
9 Months,BJAZ,,13.26,13.34,10.81,12,-1.26,-9.50,"635,732,168","47,464,823.94"
9 Months,GIG,,25.75,27.5,20.84,23.37,-2.38,-9.24,"18,006,611","1,106,037.08"
9 Months,SAUDI CERAMICS,,30.00,34.64,24,27.34,-2.66,-8.87,"81,789,336","3,023,614.48"
9 Months,DALLAH HEALTH,,118.80,157.3,108,108.3,-10.5,-8.84,"13,371,690","7,175,150.40"
9 Months,SULAIMAN ALHABIB,,271.80,281.2,227.7,248.4,-23.4,-8.61,"36,665,995","58,093,258.70"
9 Months,ALMOOSA,,162.00,212,142.4,148.1,-13.9,-8.58,"8,574,222","1,839,089.70"
9 Months,ATAA,,62.50,70.6,49.6,57.45,-5.05,-8.08,"8,940,403","1,801,130.05"
9 Months,ALSAIF GALLERY,,7.18,7.44,6.11,6.61,-0.57,-7.94,"63,294,856","1,525,352.01"
9 Months,MEFIC REIT,,3.93,3.95,3.34,3.64,-0.29,-7.38,"28,505,794","126,180.05"
9 Months,MULKIA REIT,,4.93,4.95,4.45,4.57,-0.36,-7.30,"12,872,889","124,582.71"
9 Months,DERAYAH REIT,,5.61,5.75,4.97,5.22,-0.39,-6.95,"17,651,636","120,817.74"
9 Months,SAIB,,14.94,15.06,12.72,13.93,-1.01,-6.76,"97,365,130","9,182,731.88"
9 Months,OASIS,,2.72,2.98,2.09,2.54,-0.18,-6.62,"200,587,628","3,381,118.54"
9 Months,SADR,,2.98,3.17,2.48,2.8,-0.18,-6.04,"300,387,973","2,123,535.34"
9 Months,RIYADH CABLES,,135.00,147.7,114.5,127.1,-7.9,-5.85,"39,873,290","7,693,237.30"
9 Months,CENOMI CENTERS,,20.00,23.52,18.32,18.84,-1.16,-5.80,"246,416,418","5,569,202.09"
9 Months,ALAHLI REIT 1,,6.90,7.25,6.05,6.52,-0.38,-5.51,"10,729,849","218,906.08"
9 Months,AMERICANA,,2.20,2.43,1.62,2.08,-0.12,-5.45,"5,358,617,937","104,857,408.27"
9 Months,SASCO,,59.50,73.45,49.02,56.35,-3.15,-5.29,"47,018,932","11,817,714.80"
9 Months,ALKATHIRI,,2.20,2.29,1.75,2.1,-0.1,-4.55,"408,719,515","2,035,965.36"
9 Months,NAYIFAT,,12.56,14.18,11.67,11.99,-0.57,-4.54,"42,830,689","1,875,585.43"
9 Months,Al RAJHI REIT,,8.37,8.42,7.7,8,-0.37,-4.42,"38,084,115","755,246.72"
9 Months,ACC,,23.94,24.24,20.43,22.9,-1.04,-4.34,"28,530,443","2,449,266.68"
9 Months,SABIC,,59.30,64,48.2,56.75,-2.55,-4.30,"328,667,636","40,802,843.65"
9 Months,MUSHARAKA REIT,,4.43,4.53,3.99,4.25,-0.18,-4.06,"13,018,677","20,341.61"
9 Months,TASNEE,,9.42,11.94,8.57,9.04,-0.38,-4.03,"322,894,205","6,250,100.50"
9 Months,SEERA,,25.75,31.6,20.68,24.77,-0.98,-3.81,"151,008,572","8,085,627.76"
9 Months,ALKHABEER REIT,,5.86,5.9,5.5,5.65,-0.21,-3.58,"24,361,582","596,357.87"
9 Months,AMLAK,,11.56,13.9,9.3,11.16,-0.4,-3.46,"74,200,440","290,905.35"
9 Months,FOURTH MILLING,,3.85,4.23,3.34,3.72,-0.13,-3.38,"228,677,850","4,124,450.03"
9 Months,ALARABIA,,121.40,131.6,79.7,117.4,-4,-3.29,"46,040,849","6,338,953.30"
9 Months,ANB,,21.70,26.26,20.2,21,-0.7,-3.23,"278,271,411","19,454,444.40"
9 Months,LUBEREF,,100.60,108,81.3,97.7,-2.9,-2.88,"48,857,257","16,055,224.00"
9 Months,SAUDI ELECTRICITY,,14.34,16.05,13.64,13.94,-0.4,-2.79,"265,679,456","21,148,769.86"
9 Months,SAL,,180.40,192,156,175.6,-4.8,-2.66,"30,089,015","14,108,387.50"
9 Months,SAUDI ARAMCO,,26.25,26.3,23.04,25.6,-0.65,-2.48,"2,221,921,796","113,706,458.40"
9 Months,RIBL,,28.70,29.24,25.3,28.12,-0.58,-2.02,"396,838,544","46,479,795.74"
9 Months,TALEEM REIT,,10.06,10.55,9.21,9.88,-0.18,-1.79,"12,148,659","194,001.15"
9 Months,ALINMA HOSPITALITY REIT,,8.17,8.47,7.9,8.03,-0.14,-1.71,"30,938,306","164,493.08"
9 Months,TAWUNIYA,,143.40,161,111.8,141,-2.4,-1.67,"74,555,828","72,693,552.70"
9 Months,ALDREES,,128.20,154.1,109.6,126.4,-1.8,-1.40,"60,255,906","23,892,251.60"
6 Months,EIC,,9.24,15.07,8.5,14.94,5.7,61.69,"545,081,530","83,987,487.00"
6 Months,AMAK,,63.00,117.5,60.3,98,35,55.56,"56,047,299","29,060,369.90"
6 Months,RASAN,,96.00,146.2,91.5,142.4,46.4,48.33,"66,907,788","77,902,885.90"
6 Months,BAHRI,,22.15,34,21.24,30.76,8.61,38.87,"104,113,179","34,055,404.66"
6 Months,MAADEN,,52.85,79.9,51.25,72,19.15,36.23,"243,153,285","47,197,891.50"
6 Months,EAST PIPES,,110.30,161.8,102.9,148.9,38.6,35.00,"23,267,782","13,843,776.60"
6 Months,ALARABIA,,88.15,131.6,79.7,117.4,29.25,33.18,"32,230,287","6,338,953.30"
6 Months,MAHARAH,,4.82,6.91,4.39,6.35,1.53,31.74,"462,664,871","16,385,693.42"
6 Months,ALMAJED OUD,,123.70,166.2,106.4,161.9,38.2,30.88,"10,772,663","9,047,806.80"
6 Months,ADES,,14.80,19.38,14.27,18.1,3.3,22.30,"271,685,261","21,376,211.55"
6 Months,ARABIAN DRILLING,,75.20,107,72.15,91.1,15.9,21.14,"35,600,245","6,647,929.80"
6 Months,MIS,,132.00,184.2,126.7,159.8,27.8,21.06,"9,905,096","15,639,485.60"
6 Months,SNB,,35.86,45.24,33.3,42.8,6.94,19.35,"602,906,440","135,981,462.22"
6 Months,ALYAMAMAH STEEL,,33.40,40.3,29.18,39.56,6.16,18.44,"45,782,142","22,699,443.54"
6 Months,BUPA ARABIA,,152.10,179.3,131.4,179.3,27.2,17.88,"26,090,419","61,086,844.70"
6 Months,BSF,,16.87,19.94,15.49,19.88,3.01,17.84,"295,850,856","164,092,079.01"
6 Months,GASCO,,74.20,95.75,66.05,87.4,13.2,17.79,"9,663,192","5,598,575.90"
6 Months,KINGDOM,,7.76,9.58,7.03,9.14,1.38,17.78,"64,037,641","6,149,951.25"
6 Months,SIECO,,2.12,2.98,1.77,2.49,0.37,17.45,"615,667,863","7,069,347.59"
6 Months,AL AZIZIAH REIT,,4.21,5.07,3.72,4.94,0.73,17.34,"17,801,234","1,628,795.65"
6 Months,ALBABTAIN,,58.95,72,53.2,68.55,9.6,16.28,"44,929,319","13,989,455.50"
6 Months,CHEMICAL,,7.11,8.63,6.06,8.23,1.12,15.75,"827,481,523","57,463,275.22"
6 Months,ALJOUF,,44.14,51.6,40.74,50.3,6.16,13.96,"14,483,333","1,624,832.41"
6 Months,LUBEREF,,86.00,106.5,81.3,97.7,11.7,13.60,"36,348,794","16,055,224.00"
6 Months,ALINMA,,25.54,29.26,23.94,28.9,3.36,13.16,"812,701,827","74,574,188.82"
6 Months,TAWUNIYA,,125.00,143.8,111.8,141,16,12.80,"55,187,055","72,693,552.70"
6 Months,SPIMACO,,27.00,31.66,24.96,30.32,3.32,12.30,"45,032,432","5,365,018.82"
6 Months,MCDC,,77.50,93,67.95,87,9.5,12.26,"20,895,917","2,763,983.00"
6 Months,SAUDI KAYAN,,5.00,6.41,4.5,5.6,0.6,12.00,"863,945,644","42,051,942.79"
6 Months,JARIR,,12.70,14.56,12.26,14.2,1.5,11.81,"217,630,402","8,634,205.72"
6 Months,JADWA REIT SAUDI,,10.19,11.67,10.13,11.3,1.11,10.89,"21,458,262","889,679.20"
6 Months,ZAIN KSA,,10.77,11.94,10.15,11.94,1.17,10.86,"271,438,935","19,082,721.13"
6 Months,SAUDI CABLE,,150.10,175.9,124.8,165.7,15.6,10.39,"5,777,586","2,199,027.10"
6 Months,ALRAJHI,,95.25,113,90.15,105,9.75,10.24,"439,489,408","261,991,384.70"
6 Months,NAQI,,51.50,64.8,49.12,56.4,4.9,9.51,"8,363,105","1,191,481.40"
6 Months,ABO MOATI,,40.02,53.95,35.5,43,2.98,7.45,"69,316,396","3,114,632.26"
6 Months,SEDCO CAPITAL REIT,,6.62,7.25,6.14,7.1,0.48,7.25,"29,179,812","960,978.41"
6 Months,SASCO,,52.85,73.45,49.54,56.35,3.5,6.62,"34,037,240","11,817,714.80"
6 Months,BAAZEEM,,5.60,7.1,5.34,5.97,0.37,6.61,"64,572,356","581,413.75"
6 Months,SAUDI ARAMCO,,24.05,26.16,23.04,25.6,1.55,6.44,"1,442,886,152","113,706,458.40"
6 Months,SAB,,32.10,36.24,29.9,34.14,2.04,6.36,"234,332,487","40,142,967.26"
6 Months,ALINMA RETAIL REIT,,4.52,4.81,4.32,4.78,0.26,5.75,"31,828,359","1,423,312.71"
6 Months,ACC,,21.68,23.02,20.62,22.9,1.22,5.63,"14,739,426","2,449,266.68"
6 Months,SABIC AGRI-NUTRIENTS,,120.40,129.6,108.3,126.6,6.2,5.15,"66,453,036","41,346,972.80"
6 Months,ETIHAD ETISALAT,,65.40,71.6,59.5,68.75,3.35,5.12,"106,138,375","57,660,486.55"
6 Months,CHERRY,,26.40,31.68,23.62,27.72,1.32,5.00,"60,685,112","4,502,104.34"
6 Months,RIBL,,26.80,29.24,25.3,28.12,1.32,4.93,"288,565,876","46,479,795.74"
6 Months,SAMBA,,36.80,39.1,36.5,38.5,1.7,4.62,"10,917,458","343,828,273.55"
6 Months,MBC GROUP,,29.78,38,27.56,31.08,1.3,4.37,"231,206,451","7,737,870.50"
6 Months,SAL,,168.70,186,156.7,175.6,6.9,4.09,"20,872,157","14,108,387.50"
6 Months,BONYAN REIT,,9.15,9.69,9,9.51,0.36,3.93,"9,467,989","284,606.66"
6 Months,DAR ALARKAN,,19.60,20.97,14.58,20.2,0.6,3.06,"169,751,883","36,982,541.38"
6 Months,TALEEM REIT,,9.59,10.55,9.55,9.88,0.29,3.02,"7,030,899","194,001.15"
6 Months,AL MAATHER REIT,,9.04,9.3,8.51,9.19,0.15,1.66,"5,802,439","120,409.92"
6 Months,STC,,42.94,45.38,41.14,43.6,0.66,1.54,"397,372,212","257,138,023.64"
6 Months,ALBILAD,,26.42,30.16,24.11,26.78,0.36,1.36,"219,537,244","49,844,662.00"
6 Months,ALMASAR ALSHAMIL,,23.09,28.18,18.33,23.39,0.3,1.30,"125,027,339","8,457,806.94"
6 Months,Sahara,,17.26,17.48,16.7,17.46,0.2,1.16,"6,375,356","67,130,506.54"
6 Months,ALASEEL,,3.70,4.07,3.18,3.74,0.04,1.08,"133,119,352","26,817,207.83"
6 Months,RAOOM,,58.70,74.75,54,59.3,0.6,1.02,"5,667,022","420,574.55"
6 Months,SAIB,,13.83,14.81,12.72,13.93,0.1,0.72,"68,080,369","9,182,731.88"
6 Months,MUSHARAKA REIT,,4.24,4.53,4.01,4.25,0.01,0.24,"7,151,528","20,341.61"
6 Months,WAFA Insurance,,9.50,10,9.3,9.5,0,0.00,"915,571","8,767,344.86"
6 Months,ALRAMZ,,60.00,69.75,52.5,60,0,0.00,"9,201,947","896,394.10"
6 Months,MMG,,12.55,12.9,11.8,12.55,0,0.00,"5,310,626","66,213,259.00"
6 Months,METLIFE AIG ANB,,14.30,15.4,14.02,14.3,0,0.00,"1,191,763","17,571,429.72"
6 Months,SANAD,,15.23,17.75,14.75,15.23,0,0.00,"1,572,218","25,722,117.10"
6 Months,ALAHLIA,,14.76,15.02,14.5,14.76,0,0.00,"1,119,353","16,457,121.40"
6 Months,PETROCHEM,,45.45,46,45.4,45.45,0,0.00,"102,240","4,661,416.70"
6 Months,SOLIDARITY,,14.20,14.52,14.16,14.2,0,0.00,"636,038","9,053,258.36"
6 Months,Weqaya Takaful,,19.39,19.75,19.15,19.39,0,0.00,"1,694,478","32,930,031.50"
6 Months,ALKHODARI,,5.39,5.76,5.18,5.39,0,0.00,"4,609,164","25,244,810.49"
6 Months,DUR,,27.00,27.1,26.4,27,0,0.00,"162,456","4,338,476.30"
6 Months,ALDREES,,126.40,154.1,110.7,126.4,0,0.00,"46,029,497","23,892,251.60"
6 Months,Bishah Agriculture,,69.75,81,69.75,69.75,0,0.00,"4,570,725","339,704,400.75"
6 Months,HCC,,11.60,11.7,11.54,11.6,0,0.00,"1,029,618","11,976,960.50"
6 Months,ALINMA TOKIO M,,12.80,12.84,12.06,12.8,0,0.00,"765,899","9,519,564.54"
6 Months,ALKHABEER REIT,,5.65,5.9,5.5,5.65,0,0.00,"15,470,838","596,357.87"
6 Months,SABB TAKAFUL,,11.50,11.98,11.5,11.5,0,0.00,"539,556","6,349,103.58"
6 Months,ALAWWAL,,19.58,19.58,19,19.58,0,0.00,"1,587,561","30,693,634.94"
6 Months,ATC,,34.00,34.35,33.25,34,0,0.00,"871,494","8,968,049.20"
6 Months,NASEEJ,,101.10,103.6,25.12,25.5,-75.6,-74.78,"49,333,980","2,701,353.46"
6 Months,SIDC,,21.31,22.4,10.84,10.98,-10.33,-48.47,"54,843,746","2,262,800.02"
6 Months,JAHEZ,,23.61,23.67,11.54,12.65,-10.96,-46.42,"188,870,191","98,730,631.13"
6 Months,RED SEA,,43.34,47.6,23.31,23.63,-19.71,-45.48,"57,754,351","9,484,799.12"
6 Months,TAPRCO,,27.51,30.9,15,15.15,-12.36,-44.93,"32,442,466","1,461,097.35"
6 Months,ARDCO,,32.74,34.48,18.75,19.3,-13.44,-41.05,"24,956,301","7,623,888.58"
6 Months,SAUDI GERMAN HEALTH,,57.75,59.45,31.46,34.06,-23.69,-41.02,"81,667,547","23,752,332.84"
6 Months,SRMG,,170.70,199,99.05,102.4,-68.3,-40.01,"9,740,686","10,430,125.00"
6 Months,ALRAJHI TAKAFUL,,120.20,124.9,71.9,73.8,-46.4,-38.60,"24,727,266","22,162,540.50"
6 Months,SPPC,,12.20,12.73,7.54,7.54,-4.66,-38.20,"39,153,908","1,022,874.11"
6 Months,NICE ONE,,24.13,26,14.81,15.2,-8.93,-37.01,"75,881,971","10,403,734.81"
6 Months,ACIG,,11.09,12.36,6.93,7.01,-4.08,-36.79,"58,883,045","583,893.24"
6 Months,MIAHONA,,25.48,26.68,16,16.24,-9.24,-36.26,"75,593,621","5,297,176.16"
6 Months,SFICO,,89.80,97.95,56.4,57.3,-32.5,-36.19,"11,145,632","2,689,131.40"
6 Months,HERFY FOODS,,23.51,23.92,14,15.1,-8.41,-35.77,"23,243,341","678,856.72"
6 Months,LEEJAM SPORTS,,150.70,151.7,93,97,-53.7,-35.63,"17,665,695","27,908,918.10"
6 Months,BUILD STATION,,80.80,93,52,53.45,-27.35,-33.85,"32,890,256","1,868,933.90"
6 Months,RAYDAN,,28.76,32.4,18.65,19.06,-9.7,-33.73,"11,089,601","162,530.20"
6 Months,ALUJAIN,,36.70,37.96,24.3,24.4,-12.3,-33.51,"38,415,791","3,087,339.16"
6 Months,UCA,,5.36,5.74,3.35,3.58,-1.78,-33.21,"76,498,968","1,560,961.37"
6 Months,ALMAJDIAH,,13.83,14.46,8.95,9.31,-4.52,-32.68,"221,626,993","4,306,594.16"
6 Months,SAPTCO,,13.57,14.4,9.1,9.14,-4.43,-32.65,"72,531,010","2,528,301.10"
6 Months,SAIC,,23.83,26.1,15.87,16.16,-7.67,-32.19,"29,774,522","1,954,801.03"
6 Months,ALETIHAD,,11.25,11.74,7.5,7.67,-3.58,-31.82,"15,385,956","1,069,550.04"
6 Months,CHEMANOL,,10.16,11.22,6.7,7.01,-3.15,-31.00,"43,796,438","860,774.48"
6 Months,ENTAJ,,40.70,42.08,27.8,28.18,-12.52,-30.76,"14,532,641","990,534.16"
6 Months,MESC,,33.06,33.6,20.54,23,-10.06,-30.43,"61,998,380","9,795,208.87"
6 Months,TADCO,,10.24,10.85,7.04,7.13,-3.11,-30.37,"15,345,534","410,651.20"
6 Months,MUTAKAMELA,,14.37,14.58,9.8,10.02,-4.35,-30.27,"11,309,510","981,407.84"
6 Months,TANMIAH,,83.40,85.8,55,58.25,-25.15,-30.16,"11,236,124","3,358,847.15"
6 Months,MEPCO,,27.48,29.12,18.8,19.2,-8.28,-30.13,"45,301,778","4,209,040.89"
6 Months,SPORT CLUBS,,11.93,12.28,7.9,8.38,-3.55,-29.76,"447,670,631","4,469,486.18"
6 Months,SALAMA,,12.28,12.73,8.13,8.68,-3.6,-29.32,"16,396,418","607,573.49"
6 Months,HB,,46.02,47.1,30.74,32.94,-13.08,-28.42,"9,001,473","386,633.32"
6 Months,LUMI,,60.70,65,43.42,43.84,-16.86,-27.78,"14,561,649","4,295,703.12"
6 Months,SAUDI DARB,,3.09,3.14,2.05,2.24,-0.85,-27.51,"502,761,323","3,113,864.64"
6 Months,SVCP,,27.16,29,19.5,19.72,-7.44,-27.39,"6,038,292","872,117.87"
6 Months,AMIANTIT,,20.16,22.58,14.58,14.65,-5.51,-27.33,"45,397,990","2,657,473.77"
6 Months,MALATH INSURANCE,,13.53,13.69,8.6,9.84,-3.69,-27.27,"24,396,012","950,356.68"
6 Months,SHL,,22.25,24.13,14.91,16.3,-5.95,-26.74,"20,579,966","6,767,621.11"
6 Months,ALDAWAA,,66.85,68.95,48.7,49.08,-17.77,-26.58,"22,092,720","3,223,938.92"
6 Months,SHAKER,,23.09,23.5,16.39,17,-6.09,-26.38,"29,899,200","837,173.41"
6 Months,SSP,,51.40,56.45,35.9,38,-13.4,-26.07,"22,972,727","4,236,647.94"
6 Months,NCLE,,168.20,183,123.2,124.4,-43.8,-26.04,"3,570,700","3,026,277.90"
6 Months,SIIG,,18.03,20,11.41,13.37,-4.66,-25.85,"142,838,465","3,559,553.71"
6 Months,SGS,,46.16,47.68,33.9,34.34,-11.82,-25.61,"49,220,805","3,393,094.38"
6 Months,EMAAR EC,,12.62,14.1,9.05,9.39,-3.23,-25.59,"34,190,870","1,301,894.13"
6 Months,ALSAGR INSURANCE,,14.00,14.55,9.03,10.47,-3.53,-25.21,"39,997,502","3,783,623.21"
6 Months,NGC,,19.83,21.9,14.3,14.84,-4.99,-25.16,"15,158,276","1,011,684.24"
6 Months,ARAB SEA,,5.38,5.58,3.89,4.03,-1.35,-25.09,"78,069,858","959,776.79"
6 Months,FLYNAS,,80.00,81.7,59,60.1,-19.9,-24.88,"70,183,286","28,064,571.70"
6 Months,ASLAK,,23.61,26.1,17.68,17.74,-5.87,-24.86,"8,536,242","1,052,525.68"
6 Months,BANAN,,4.86,4.99,3.38,3.66,-1.2,-24.69,"23,374,509","298,709.29"
6 Months,ANAAM HOLDING,,15.34,17.52,11.11,11.62,-3.72,-24.25,"65,560,812","966,609.29"
6 Months,2P,,9.64,10.23,7.23,7.33,-2.31,-23.96,"71,680,947","2,186,055.86"
6 Months,ALHAMMADI,,34.10,36,25.96,26.12,-7.98,-23.40,"43,290,309","4,506,260.54"
6 Months,CMCER,,8.25,9.14,5.89,6.33,-1.92,-23.27,"122,133,707","1,971,145.03"
6 Months,BAWAN,,58.75,61.85,45.12,45.12,-13.63,-23.20,"24,431,412","3,682,665.88"
6 Months,TECO,,19.20,20,10.5,14.76,-4.44,-23.13,"151,400,531","31,367,108.25"
6 Months,CATRION,,101.00,103.6,76.95,78,-23,-22.77,"23,775,947","10,215,754.35"
6 Months,ADVANCED,,32.84,38.64,23.9,25.44,-7.4,-22.53,"97,902,641","14,707,978.58"
6 Months,AMANA INSURANCE,,7.93,8.19,5.66,6.15,-1.78,-22.45,"24,889,250","5,589,436.62"
6 Months,GULF GENERAL,,5.05,5.51,3.51,3.92,-1.13,-22.38,"35,982,185","835,756.99"
6 Months,MARAFIQ,,39.84,45.3,30.6,30.96,-8.88,-22.29,"59,031,940","19,283,259.82"
6 Months,MAADANIYAH,,16.90,18.5,12.85,13.14,-3.76,-22.25,"25,955,066","813,137.70"
6 Months,YC,,33.70,34,22.59,26.3,-7.4,-21.96,"65,729,814","8,060,976.54"
6 Months,SADAFCO,,274.00,297.2,210.2,214.3,-59.7,-21.79,"4,069,860","22,295,065.00"
6 Months,MASAR,,22.88,25.16,16.01,17.9,-4.98,-21.77,"299,474,313","16,694,431.91"
6 Months,TAKWEEN,,7.50,7.98,5.5,5.88,-1.62,-21.60,"21,254,276","587,891.20"
6 Months,ACWA,,229.40,252.6,167.5,180.3,-49.1,-21.40,"55,264,198","20,940,857.90"
6 Months,SUMOU,,38.74,42,29.42,30.46,-8.28,-21.37,"21,255,515","3,033,071.02"
6 Months,TALCO,,41.30,43.3,32.02,32.52,-8.78,-21.26,"8,602,276","946,845.68"
6 Months,JAZADCO,,10.66,10.96,7.55,8.4,-2.26,-21.20,"12,463,034","173,454.11"
6 Months,WAFRAH,,26.60,29.76,19.3,21,-5.6,-21.05,"10,666,797","492,234.41"
6 Months,CGS,,10.08,10.95,7.81,7.96,-2.12,-21.03,"81,949,179","4,196,160.52"
6 Months,CENOMI RETAIL,,22.71,31.16,16.18,17.94,-4.77,-21.00,"333,076,866","10,607,040.58"
6 Months,NAJRAN CEMENT,,8.07,8.3,6.3,6.43,-1.64,-20.32,"35,408,975","1,461,653.78"
6 Months,TCC,,10.63,10.96,8.31,8.5,-2.13,-20.04,"25,507,362","352,848.17"
6 Months,ELM,,890.50,972,659.5,712.5,-178,-19.99,"10,609,968","108,369,393.00"
6 Months,SHARQIYAH DEV,,16.70,17.56,13.31,13.4,-3.3,-19.76,"18,436,834","1,100,923.44"
6 Months,JAMJOOM PHARMA,,162.60,165.3,127.4,130.8,-31.8,-19.56,"7,276,515","5,052,307.60"
6 Months,CARE,,175.70,183.5,132.5,141.5,-34.2,-19.46,"11,973,021","64,292,092.90"
6 Months,BAAN,,2.32,2.38,1.7,1.87,-0.45,-19.40,"411,956,875","5,414,127.82"
6 Months,SIPCHEM,,18.77,21.23,14.36,15.17,-3.6,-19.18,"248,610,360","9,396,239.38"
6 Months,SAICO,,14.20,14.88,10.68,11.5,-2.7,-19.01,"15,229,009","933,553.29"
6 Months,MRNA,,11.27,11.8,9,9.13,-2.14,-18.99,"12,310,331","397,535.27"
6 Months,NAMA CHEMICALS,,26.92,27.6,19.95,21.82,-5.1,-18.95,"9,489,013","595,203.43"
6 Months,CITY CEMENT,,16.26,16.49,12.1,13.21,-3.05,-18.76,"32,718,469","2,079,900.25"
6 Months,ALAKARIA,,18.25,18.26,12.3,14.84,-3.41,-18.68,"137,481,402","17,363,064.10"
6 Months,SPCC,,26.18,28,21,21.4,-4.78,-18.26,"10,276,283","664,548.06"
6 Months,OGC,,30.90,38.44,23.81,25.3,-5.6,-18.12,"37,791,005","6,198,467.20"
6 Months,RIYADH CEMENT,,30.00,30.46,22.98,24.6,-5.4,-18.00,"33,541,111","2,156,648.95"
6 Months,SAUDI RE,,32.28,36.09,25.5,26.5,-5.78,-17.91,"95,721,507","6,814,571.90"
6 Months,NADEC,,21.39,22.7,17.45,17.67,-3.72,-17.39,"94,385,597","17,711,436.62"
6 Months,DALLAH HEALTH,,130.90,157.3,108,108.3,-22.6,-17.27,"8,991,564","7,175,150.40"
6 Months,SISCO HOLDING,,35.12,38.38,27.76,29.12,-6,-17.08,"41,639,505","7,856,754.78"
6 Months,WATANIYA,,15.57,16.8,12.25,12.93,-2.64,-16.96,"26,028,963","2,079,884.30"
6 Months,UCIC,,30.16,32.44,24.7,25.08,-5.08,-16.84,"28,834,979","2,136,138.13"
6 Months,A.OTHAIM MARKET,,7.68,7.95,6,6.39,-1.29,-16.80,"181,345,234","2,143,170.89"
6 Months,SACO,,29.02,33.34,24,24.26,-4.76,-16.40,"15,635,106","871,603.95"
6 Months,THEEB,,40.79,43.6,33.5,34.1,-6.69,-16.40,"22,897,938","2,304,017.02"
6 Months,LIVA,,12.75,14.47,10.1,10.67,-2.08,-16.31,"11,393,636","543,986.66"
6 Months,CHUBB,,24.60,33.2,18.45,20.59,-4.01,-16.30,"52,622,786","4,608,251.74"
6 Months,SOLUTIONS,,245.60,271.6,202.4,205.8,-39.8,-16.21,"15,454,872","19,498,957.50"
6 Months,SINAD HOLDING,,10.32,10.97,8.09,8.66,-1.66,-16.09,"18,297,922","419,694.77"
6 Months,ARTEX,,12.37,14.78,10.08,10.39,-1.98,-16.01,"14,734,551","299,932.23"
6 Months,FAKEEH CARE,,39.22,42.84,32.8,32.98,-6.24,-15.91,"30,683,255","6,300,391.50"
6 Months,ALMAWARID,,100.95,111.53,83.25,85,-15.95,-15.80,"11,529,905","4,223,781.05"
6 Months,ARABIAN SHIELD,,13.80,14.19,10.11,11.63,-2.17,-15.72,"24,682,415","1,781,509.96"
6 Months,BUDGET SAUDI,,70.70,78.95,58.4,59.6,-11.1,-15.70,"19,881,511","5,012,882.20"
6 Months,GULF UNION ALAHLIA,,12.50,14.18,9.96,10.58,-1.92,-15.36,"11,418,987","351,455.61"
6 Months,YANSAB,,32.10,37.28,26.08,27.2,-4.9,-15.26,"63,263,265","21,565,395.12"
6 Months,EQUIPMENT HOUSE,,36.34,41,30.48,30.8,-5.54,-15.24,"7,252,503","501,053.30"
6 Months,MODERN MILLS,,31.40,35.72,26.38,26.66,-4.74,-15.10,"10,915,676","1,258,266.70"
6 Months,ALKHALEEJ TRNG,,22.64,29.38,18.1,19.26,-3.38,-14.93,"30,955,305","1,360,614.61"
6 Months,FARM SUPERSTORES,,16.02,17.97,13.52,13.64,-2.38,-14.86,"7,138,611","228,499.81"
6 Months,AICC,,10.55,11.49,8.5,9,-1.55,-14.69,"11,216,373","1,485,964.25"
6 Months,BINDAWOOD,,5.60,5.92,4.46,4.78,-0.82,-14.64,"101,683,394","1,843,235.63"
6 Months,ALOMRAN,,27.36,33.7,23.2,23.38,-3.98,-14.55,"8,777,112","563,051.57"
6 Months,ALJAZIRA REIT,,13.42,14,11.28,11.47,-1.95,-14.53,"4,995,751","64,199.22"
6 Months,GAS,,16.24,17.99,12.02,14,-2.24,-13.79,"31,563,748","7,881,184.22"
6 Months,NAHDI,,114.90,124.8,91,99.35,-15.55,-13.53,"29,276,655","5,580,343.60"
6 Months,ALAMAR,,51.90,53.45,39,44.94,-6.96,-13.41,"17,985,498","2,583,604.78"
6 Months,ALMUNAJEM,,59.40,62.6,49.02,51.6,-7.8,-13.13,"16,819,073","2,467,149.10"
6 Months,SARCO,,58.00,63.95,48.64,50.55,-7.45,-12.84,"8,282,674","1,207,191.85"
6 Months,FITAIHI GROUP,,3.15,3.44,2.64,2.75,-0.4,-12.70,"171,284,663","2,712,274.26"
6 Months,LAZURDE,,12.96,13.48,11.18,11.34,-1.62,-12.50,"20,707,676","947,214.39"
6 Months,ALMOOSA,,169.10,212,145.4,148.1,-21,-12.42,"3,907,064","1,839,089.70"
6 Months,TAMKEEN,,57.20,62.9,49.74,50.2,-7,-12.24,"16,163,733","5,216,814.40"
6 Months,SAUDI CEMENT,,38.90,41.58,33.86,34.14,-4.76,-12.24,"17,683,214","3,615,242.40"
6 Months,AMLAK,,12.69,13.9,10.4,11.16,-1.53,-12.06,"34,588,969","290,905.35"
6 Months,ALWASAIL INDUSTRIAL,,3.40,3.69,2.96,3,-0.4,-11.76,"15,444,162","605,331.12"
6 Months,APC,,5.90,6.36,4.53,5.21,-0.69,-11.69,"460,109,893","7,788,999.24"
6 Months,BURGERIZZR,,10.12,10.83,7.72,8.95,-1.17,-11.56,"78,725,498","1,013,283.74"
6 Months,ALANDALUS,,18.59,21.18,16.32,16.45,-2.14,-11.51,"8,836,946","217,846.58"
6 Months,ZOUJAJ,,41.10,43.44,34.5,36.38,-4.72,-11.48,"17,978,004","873,070.40"
6 Months,GO TELECOM,,104.20,113.9,84.7,92.4,-11.8,-11.32,"33,726,026","13,669,379.55"
6 Months,ATAA,,64.75,70.6,49.6,57.45,-7.3,-11.27,"6,562,118","1,801,130.05"
6 Months,UACC,,15.01,15.3,12.1,13.32,-1.69,-11.26,"9,603,035","426,327.14"
6 Months,MOUWASAT,,74.20,79.75,65.1,66,-8.2,-11.05,"61,082,270","20,709,927.45"
6 Months,NORTHERN CEMENT,,7.80,8.28,6.81,6.94,-0.86,-11.03,"30,057,164","698,518.00"
6 Months,TADAWUL GROUP,,169.80,215,133,151.1,-18.7,-11.01,"37,923,056","37,637,192.50"
6 Months,NOFOTH,,9.50,10.69,8.35,8.46,-1.04,-10.95,"5,524,674","2,367,318.47"
6 Months,TASNEE,,10.15,11.94,8.79,9.04,-1.11,-10.94,"208,994,822","6,250,100.50"
6 Months,JOUF CEMENT,,6.67,7.26,5.92,5.97,-0.7,-10.49,"30,297,262","679,428.64"
6 Months,JAZIRA TAKAFUL,,12.44,13.12,10.7,11.14,-1.3,-10.45,"10,067,581","717,343.52"
6 Months,AVALON PHARMA,,125.20,138.4,109.1,112.3,-12.9,-10.30,"4,570,670","2,114,856.30"
6 Months,JABAL OMAR,,18.63,19.85,14.08,16.75,-1.88,-10.09,"469,966,776","64,163,837.43"
6 Months,ASTRA INDUSTRIAL,,149.00,156.8,126.5,134,-15,-10.07,"13,726,865","5,879,318.00"
6 Months,AZM,,27.00,29.3,21.95,24.3,-2.7,-10.00,"21,037,967","9,295,452.40"
6 Months,FOURTH MILLING,,4.11,4.16,3.46,3.72,-0.39,-9.49,"140,904,238","4,124,450.03"
6 Months,SAUDI CERAMICS,,30.20,32.86,26,27.34,-2.86,-9.47,"42,183,778","3,023,614.48"
6 Months,ALISTITHMAR REIT,,8.44,8.77,6.97,7.65,-0.79,-9.36,"24,519,050","210,328.22"
6 Months,FIPCO,,32.32,37.2,28.94,29.34,-2.98,-9.22,"7,331,971","336,098.58"
6 Months,THIMAR,,39.34,50.85,31.9,35.76,-3.58,-9.10,"50,803,313","3,507,141.80"
6 Months,EPCCO,,26.86,27.6,22.94,24.42,-2.44,-9.08,"20,500,076","571,962.37"
6 Months,DERAYAH,,26.90,32,23.49,24.5,-2.4,-8.92,"73,999,830","22,529,482.45"
6 Months,ALMARAI,,46.74,54.05,41.2,42.68,-4.06,-8.69,"82,558,387","17,654,213.54"
6 Months,CENOMI CENTERS,,20.60,23.52,18.62,18.84,-1.76,-8.54,"131,943,043","5,569,202.09"
6 Months,WALAA,,12.37,13.24,9.88,11.35,-1.02,-8.25,"122,416,055","6,824,485.74"
6 Months,BCI,,27.12,29.16,24.78,24.98,-2.14,-7.89,"4,382,631","411,178.06"
6 Months,DWF,,106.30,149.7,96.6,98.65,-7.65,-7.20,"6,874,329","1,226,995.90"
6 Months,ARABIAN MILLS,,42.06,43.5,36.6,39.04,-3.02,-7.18,"12,402,218","1,940,361.38"
6 Months,RIYADH CABLES,,136.80,143.8,114.5,127.1,-9.7,-7.09,"29,059,184","7,693,237.30"
6 Months,BATIC,,2.27,2.4,1.89,2.11,-0.16,-7.05,"930,993,978","6,815,092.54"
6 Months,TASHEEL,,155.70,178.9,141.7,145.2,-10.5,-6.74,"7,814,797","20,112,611.40"
6 Months,ALAHLI REIT 1,,6.96,7.04,6.05,6.52,-0.44,-6.32,"8,160,306","218,906.08"
6 Months,YCC,,16.16,17.3,14.17,15.16,-1,-6.19,"52,008,682","2,798,743.46"
6 Months,ENAYA,,9.26,9.71,6.4,8.7,-0.56,-6.05,"21,755,476","8,631,528.23"
6 Months,GIG,,24.84,27.22,20.84,23.37,-1.47,-5.92,"11,913,981","1,106,037.08"
6 Months,SAVOLA GROUP,,24.14,27.76,20.98,22.84,-1.3,-5.39,"92,194,081","4,075,554.65"
6 Months,ALSAIF GALLERY,,6.98,7.15,6.11,6.61,-0.37,-5.30,"50,082,233","1,525,352.01"
6 Months,PETRO RABIGH,,7.52,9.48,6.26,7.13,-0.39,-5.19,"754,454,927","16,999,313.66"
6 Months,RETAL,,13.68,13.88,10.57,13,-0.68,-4.97,"184,950,756","43,601,038.60"
6 Months,JADWA REIT ALHARAMAIN,,5.24,5.33,4.8,4.98,-0.26,-4.96,"8,102,353","32,939.04"
6 Months,DERAYAH REIT,,5.49,5.75,4.97,5.22,-0.27,-4.92,"10,290,302","120,817.74"
6 Months,FIRST MILLS,,51.45,54.4,46.1,49.02,-2.43,-4.72,"5,262,326","744,602.76"
6 Months,BURUJ,,16.80,17.56,15,16.01,-0.79,-4.70,"2,795,793","1,872,712.11"
6 Months,MEDGULF,,16.92,17.52,11.04,16.14,-0.78,-4.61,"121,015,200","25,830,617.73"
6 Months,SMC HEALTHCARE,,20.58,21.49,17.3,19.67,-0.91,-4.42,"90,335,330","3,351,635.46"
6 Months,TAIBA,,36.40,43,30.4,34.86,-1.54,-4.23,"31,074,867","1,090,124.34"
6 Months,SADR,,2.92,3.17,2.48,2.8,-0.12,-4.11,"223,397,599","2,123,535.34"
6 Months,GACO,,15.94,19.55,15,15.29,-0.65,-4.08,"14,982,830","185,405.02"
6 Months,BJAZ,,12.50,13.31,10.81,12,-0.5,-4.00,"470,668,271","47,464,823.94"
6 Months,SABIC,,59.05,64,48.2,56.75,-2.3,-3.90,"209,000,795","40,802,843.65"
6 Months,SAUDI ELECTRICITY,,14.50,16.05,13.64,13.94,-0.56,-3.86,"175,906,207","21,148,769.86"
6 Months,ANB,,21.74,26.26,20.4,21,-0.74,-3.40,"209,814,800","19,454,444.40"
6 Months,SEERA,,25.62,31.6,24.6,24.77,-0.85,-3.32,"97,952,002","8,085,627.76"
6 Months,NAYIFAT,,12.38,13.73,11.67,11.99,-0.39,-3.15,"20,548,687","1,875,585.43"
6 Months,MEFIC REIT,,3.75,3.83,3.34,3.64,-0.11,-2.93,"20,376,623","126,180.05"
6 Months,RIYAD REIT,,5.29,5.52,4.93,5.15,-0.14,-2.65,"15,190,009","170,872.97"
6 Months,EXTRA,,88.35,93.5,82.85,86.25,-2.1,-2.38,"27,001,858","17,402,496.50"
6 Months,AMERICANA,,2.13,2.25,1.62,2.08,-0.05,-2.35,"3,980,016,525","104,857,408.27"
6 Months,ALKATHIRI,,2.15,2.26,1.75,2.1,-0.05,-2.33,"269,359,556","2,035,965.36"
6 Months,SENAAT,,38.80,43.96,28.68,37.96,-0.84,-2.16,"94,857,125","10,785,919.94"
6 Months,Al RAJHI REIT,,8.17,8.4,7.7,8,-0.17,-2.08,"25,367,359","755,246.72"
6 Months,MULKIA REIT,,4.66,4.92,4.5,4.57,-0.09,-1.93,"8,403,459","124,582.71"
6 Months,KEC,,12.70,13.2,11.38,12.48,-0.22,-1.73,"31,009,244","1,584,227.27"
6 Months,SULAIMAN ALHABIB,,252.00,281.2,227.7,248.4,-3.6,-1.43,"25,733,073","58,093,258.70"
6 Months,SMASCO,,5.89,6.35,4.98,5.81,-0.08,-1.36,"202,391,907","4,231,177.56"
6 Months,OASIS,,2.57,2.98,2.09,2.54,-0.03,-1.17,"165,920,022","3,381,118.54"
6 Months,AWPT,,127.30,157.2,117.3,126.3,-1,-0.79,"9,676,047","4,256,289.30"
6 Months,ALINMA HOSPITALITY REIT,,8.09,8.45,7.9,8.03,-0.06,-0.74,"22,367,431","164,493.08"
6 Months,QACCO,,43.28,44.36,40.5,42.96,-0.32,-0.74,"26,338,795","3,765,021.88"
6 Months,SPM,,56.15,64.5,48.82,55.75,-0.4,-0.71,"20,079,174","2,697,113.95"
6 Months,AYYAN,,12.35,14.08,11.53,12.31,-0.04,-0.32,"53,091,923","4,037,268.66"
3 Months,AMAK,,73.05,117.5,72.6,98,24.95,34.15,"35,612,986","29,060,369.90"
3 Months,RASAN,,108.60,146.2,107,142.4,33.8,31.12,"38,410,713","77,902,885.90"
3 Months,EIC,,11.68,15.07,10.53,14.94,3.26,27.91,"210,961,687","83,987,487.00"
3 Months,DAR ALARKAN,,15.90,20.2,14.58,20.2,4.3,27.04,"71,285,297","36,982,541.38"
3 Months,SAUDI CABLE,,131.90,175.9,124.8,165.7,33.8,25.63,"3,393,762","2,199,027.10"
3 Months,SIECO,,1.99,2.98,1.77,2.49,0.5,25.13,"502,600,092","7,069,347.59"
3 Months,MAADEN,,59.15,79.9,56.65,72,12.85,21.72,"132,450,205","47,197,891.50"
3 Months,BSF,,16.65,19.94,15.49,19.88,3.23,19.40,"138,392,799","164,092,079.01"
3 Months,ALMAJED OUD,,136.20,166.2,125.1,161.9,25.7,18.87,"3,748,420","9,047,806.80"
3 Months,BUPA ARABIA,,152.00,179.3,131.4,179.3,27.3,17.96,"13,871,987","61,086,844.70"
3 Months,AL AZIZIAH REIT,,4.22,5.07,3.72,4.94,0.72,17.06,"8,746,625","1,628,795.65"
3 Months,ALINMA,,24.71,29.26,23.94,28.9,4.19,16.96,"368,348,877","74,574,188.82"
3 Months,ALJOUF,,43.08,51.6,40.74,50.3,7.22,16.76,"7,755,016","1,624,832.41"
3 Months,KINGDOM,,7.90,9.58,7.65,9.14,1.24,15.70,"43,648,919","6,149,951.25"
3 Months,MAHARAH,,5.50,6.91,5.33,6.35,0.85,15.45,"243,876,310","16,385,693.42"
3 Months,MEDGULF,,14.01,16.3,11.04,16.14,2.13,15.20,"69,269,070","25,830,617.73"
3 Months,SNB,,37.78,45.24,36,42.8,5.02,13.29,"293,389,576","135,981,462.22"
3 Months,CHEMICAL,,7.28,8.63,6.07,8.23,0.95,13.05,"404,679,691","57,463,275.22"
3 Months,TAWUNIYA,,125.20,143.8,111.8,141,15.8,12.62,"24,229,334","72,693,552.70"
3 Months,ALASEEL,,3.34,4.07,3.18,3.74,0.4,11.98,"85,938,459","26,817,207.83"
3 Months,AMERICANA,,1.86,2.09,1.62,2.08,0.22,11.83,"1,850,549,208","104,857,408.27"
3 Months,EAST PIPES,,133.50,161.8,126.2,148.9,15.4,11.54,"10,260,800","13,843,776.60"
3 Months,LUBEREF,,88.00,106.5,84.45,97.7,9.7,11.02,"20,127,265","16,055,224.00"
3 Months,ALYAMAMAH STEEL,,35.66,40.3,29.18,39.56,3.9,10.94,"23,791,004","22,699,443.54"
3 Months,ALAKARIA,,13.38,15.38,12.3,14.84,1.46,10.91,"59,286,720","17,363,064.10"
3 Months,YC,,23.77,28.14,22.59,26.3,2.53,10.64,"30,092,322","8,060,976.54"
3 Months,ZAIN KSA,,10.80,11.94,10.29,11.94,1.14,10.56,"93,593,996","19,082,721.13"
3 Months,SAB,,31.32,36.24,30.2,34.14,2.82,9.00,"105,716,908","40,142,967.26"
3 Months,RIBL,,26.02,29.24,25.3,28.12,2.1,8.07,"136,596,101","46,479,795.74"
3 Months,ACC,,21.20,23.02,20.62,22.9,1.7,8.02,"5,271,707","2,449,266.68"
3 Months,MIS,,148.00,184.2,142.9,159.8,11.8,7.97,"6,569,457","15,639,485.60"
3 Months,ALINMA RETAIL REIT,,4.43,4.81,4.32,4.78,0.35,7.90,"20,121,388","1,423,312.71"
3 Months,SENAAT,,35.20,43.96,32.66,37.96,2.76,7.84,"41,677,781","10,785,919.94"
3 Months,ETIHAD ETISALAT,,63.90,71.6,61.5,68.75,4.85,7.59,"45,071,949","57,660,486.55"
3 Months,SAIB,,12.99,14.43,12.72,13.93,0.94,7.24,"31,161,711","9,182,731.88"
3 Months,JARIR,,13.26,14.44,12.26,14.2,0.94,7.09,"115,789,770","8,634,205.72"
3 Months,SABIC AGRI-NUTRIENTS,,118.50,129.6,108.3,126.6,8.1,6.84,"30,930,357","41,346,972.80"
3 Months,SAL,,165.00,184.5,156.7,175.6,10.6,6.42,"11,446,245","14,108,387.50"
3 Months,ADES,,17.05,19.38,16.16,18.1,1.05,6.16,"121,400,281","21,376,211.55"
3 Months,JABAL OMAR,,15.81,17,14.08,16.75,0.94,5.95,"212,003,653","64,163,837.43"
3 Months,ENAYA,,8.25,8.84,6.4,8.7,0.45,5.45,"11,714,780","8,631,528.23"
3 Months,SMASCO,,5.51,6.16,4.98,5.81,0.3,5.44,"100,395,526","4,231,177.56"
3 Months,TECO,,14.01,15.1,10.5,14.76,0.75,5.35,"61,094,434","31,367,108.25"
3 Months,ALRAJHI,,99.70,109.6,94.25,105,5.3,5.32,"179,747,703","261,991,384.70"
3 Months,ALBABTAIN,,65.10,72,60,68.55,3.45,5.30,"21,379,622","13,989,455.50"
3 Months,RIYADH CEMENT,,23.38,25.88,22.98,24.6,1.22,5.22,"11,020,512","2,156,648.95"
3 Months,CHERRY,,26.40,31.68,23.62,27.72,1.32,5.00,"60,685,112","4,502,104.34"
3 Months,NAQI,,53.75,64.8,50.65,56.4,2.65,4.93,"5,806,895","1,191,481.40"
3 Months,SAMBA,,36.80,39.1,36.5,38.5,1.7,4.62,"10,917,458","343,828,273.55"
3 Months,GASCO,,83.70,95.75,79.2,87.4,3.7,4.42,"4,614,888","5,598,575.90"
3 Months,ALARABIA,,112.50,131.6,107,117.4,4.9,4.36,"12,231,123","6,338,953.30"
3 Months,JADWA REIT SAUDI,,10.84,11.67,10.42,11.3,0.46,4.24,"8,311,219","889,679.20"
3 Months,KEC,,12.00,13.18,11.38,12.48,0.48,4.00,"12,531,966","1,584,227.27"
3 Months,UACC,,12.81,13.38,12.1,13.32,0.51,3.98,"4,633,616","426,327.14"
3 Months,MEFIC REIT,,3.51,3.69,3.34,3.64,0.13,3.70,"9,264,541","126,180.05"
3 Months,EPCCO,,23.56,25.24,22.94,24.42,0.86,3.65,"5,552,477","571,962.37"
3 Months,ALKATHIRI,,2.04,2.26,1.75,2.1,0.06,2.94,"175,968,963","2,035,965.36"
3 Months,RETAL,,12.70,13.58,10.57,13,0.3,2.36,"77,506,255","43,601,038.60"
3 Months,SEDCO CAPITAL REIT,,6.94,7.24,6.14,7.1,0.16,2.31,"20,263,498","960,978.41"
3 Months,BONYAN REIT,,9.30,9.69,9,9.51,0.21,2.26,"4,865,761","284,606.66"
3 Months,BJAZ,,11.77,12.77,10.81,12,0.23,1.95,"248,413,743","47,464,823.94"
3 Months,TAIBA,,34.20,37.2,30.4,34.86,0.66,1.93,"8,624,013","1,090,124.34"
3 Months,QACCO,,42.30,43.5,41.06,42.96,0.66,1.56,"9,225,574","3,765,021.88"
3 Months,AL MAATHER REIT,,9.05,9.3,8.51,9.19,0.14,1.55,"2,670,023","120,409.92"
3 Months,Sahara,,17.20,17.48,16.3,17.46,0.26,1.51,"13,923,737","67,130,506.54"
3 Months,ALAHLI REIT 1,,6.43,6.95,6.15,6.52,0.09,1.40,"3,778,017","218,906.08"
3 Months,ALMASAR ALSHAMIL,,23.09,28.18,18.33,23.39,0.3,1.30,"125,027,339","8,457,806.94"
3 Months,MCDC,,85.95,93,75,87,1.05,1.22,"6,574,456","2,763,983.00"
3 Months,STC,,43.08,45.1,41.94,43.6,0.52,1.21,"177,865,415","257,138,023.64"
3 Months,SPIMACO,,29.98,31.66,24.96,30.32,0.34,1.13,"17,138,193","5,365,018.82"
3 Months,CITY CEMENT,,13.07,13.86,12.1,13.21,0.14,1.07,"13,396,326","2,079,900.25"
3 Months,DUR,,26.80,27.3,26.4,27,0.2,0.75,"222,446","4,338,476.30"
3 Months,RIYAD REIT,,5.12,5.27,4.93,5.15,0.03,0.59,"5,304,677","170,872.97"
3 Months,ALSAIF GALLERY,,6.58,6.7,6.11,6.61,0.03,0.46,"15,671,619","1,525,352.01"
3 Months,RAOOM,,59.05,74.75,56.9,59.3,0.25,0.42,"3,260,612","420,574.55"
3 Months,ALISTITHMAR REIT,,7.62,8.27,6.97,7.65,0.03,0.39,"3,815,126","210,328.22"
3 Months,ALKHABEER REIT,,5.63,5.9,5.5,5.65,0.02,0.36,"6,254,377","596,357.87"
3 Months,SAUDI KAYAN,,5.59,5.89,4.5,5.6,0.01,0.18,"286,875,124","42,051,942.79"
3 Months,SABB TAKAFUL,,11.50,11.98,11.5,11.5,0,0.00,"539,556","6,349,103.58"
3 Months,ALRAMZ,,60.00,69.75,52.5,60,0,0.00,"9,201,947","896,394.10"
3 Months,ALAHLIA,,14.76,15.02,14.5,14.76,0,0.00,"1,119,353","16,457,121.40"
3 Months,MMG,,12.55,12.9,11.8,12.55,0,0.00,"5,310,626","66,213,259.00"
3 Months,SANAD,,15.23,17.75,14.75,15.23,0,0.00,"1,572,218","25,722,117.10"
3 Months,Weqaya Takaful,,19.39,19.75,19.15,19.39,0,0.00,"1,694,478","32,930,031.50"
3 Months,BURUJ,,16.01,16.47,15.92,16.01,0,0.00,"116,422","1,872,712.11"
3 Months,SOLIDARITY,,14.20,14.52,14.16,14.2,0,0.00,"636,038","9,053,258.36"
3 Months,ALKHODARI,,5.39,5.76,5.18,5.39,0,0.00,"4,609,164","25,244,810.49"
3 Months,APC,,5.21,5.44,4.53,5.21,0,0.00,"196,527,325","7,788,999.24"
3 Months,HCC,,11.60,11.7,11.54,11.6,0,0.00,"1,029,618","11,976,960.50"
3 Months,ALINMA TOKIO M,,12.80,12.84,12.06,12.8,0,0.00,"765,899","9,519,564.54"
3 Months,SABIC,,56.75,58.1,48.2,56.75,0,0.00,"100,636,195","40,802,843.65"
3 Months,ALAWWAL,,19.58,19.58,19,19.58,0,0.00,"1,587,561","30,693,634.94"
3 Months,ATC,,34.00,34.35,33.8,34,0,0.00,"263,305","8,968,049.20"
3 Months,WAFA Insurance,,9.50,10,9.3,9.5,0,0.00,"915,571","8,767,344.86"
3 Months,NASEEJ,,48.18,53.6,25.12,25.5,-22.68,-47.07,"25,014,960","2,701,353.46"
3 Months,RED SEA,,39.14,40.48,23.31,23.63,-15.51,-39.63,"24,256,519","9,484,799.12"
3 Months,TAPRCO,,23.37,25.08,15,15.15,-8.22,-35.17,"15,561,969","1,461,097.35"
3 Months,SRMG,,157.30,165,99.05,102.4,-54.9,-34.90,"5,184,736","10,430,125.00"
3 Months,RAYDAN,,28.62,29.46,18.65,19.06,-9.56,-33.40,"2,918,573","162,530.20"
3 Months,SIDC,,16.20,16.69,10.84,10.98,-5.22,-32.22,"34,283,638","2,262,800.02"
3 Months,ACIG,,10.30,10.66,6.93,7.01,-3.29,-31.94,"23,653,936","583,893.24"
3 Months,SFICO,,81.50,84.5,56.4,57.3,-24.2,-29.69,"5,977,445","2,689,131.40"
3 Months,ARDCO,,27.08,28,18.75,19.3,-7.78,-28.73,"12,970,288","7,623,888.58"
3 Months,CHUBB,,28.78,29.5,18.45,20.59,-8.19,-28.46,"27,330,968","4,608,251.74"
3 Months,NICE ONE,,21.18,21.88,14.81,15.2,-5.98,-28.23,"27,569,102","10,403,734.81"
3 Months,ALRAJHI TAKAFUL,,102.10,105.8,71.9,73.8,-28.3,-27.72,"16,346,504","22,162,540.50"
3 Months,CHEMANOL,,9.35,9.49,6.7,7.01,-2.34,-25.03,"16,117,761","860,774.48"
3 Months,JAHEZ,,16.85,17.58,11.54,12.65,-4.2,-24.93,"87,890,418","98,730,631.13"
3 Months,DALLAH HEALTH,,143.90,147.7,108,108.3,-35.6,-24.74,"4,699,567","7,175,150.40"
3 Months,ADVANCED,,33.44,35,23.9,25.44,-8,-23.92,"50,148,582","14,707,978.58"
3 Months,MEPCO,,25.22,25.7,18.8,19.2,-6.02,-23.87,"22,212,153","4,209,040.89"
3 Months,CENOMI RETAIL,,23.50,24.32,16.18,17.94,-5.56,-23.66,"85,939,737","10,607,040.58"
3 Months,ENTAJ,,36.30,37.1,27.8,28.18,-8.12,-22.37,"4,506,815","990,534.16"
3 Months,MARAFIQ,,39.68,40.6,30.6,30.96,-8.72,-21.98,"32,463,584","19,283,259.82"
3 Months,MIAHONA,,20.66,21.89,16,16.24,-4.42,-21.39,"38,986,660","5,297,176.16"
3 Months,CMCER,,8.05,8.27,5.89,6.33,-1.72,-21.37,"50,752,570","1,971,145.03"
3 Months,ALUJAIN,,31.00,31.3,24.3,24.4,-6.6,-21.29,"16,499,481","3,087,339.16"
3 Months,CGS,,10.08,10.95,7.81,7.96,-2.12,-21.03,"81,949,179","4,196,160.52"
3 Months,ASLAK,,22.43,23.08,17.68,17.74,-4.69,-20.91,"2,993,673","1,052,525.68"
3 Months,AMIANTIT,,18.47,18.74,14.58,14.65,-3.82,-20.68,"18,671,000","2,657,473.77"
3 Months,LUMI,,55.00,56.4,43.42,43.84,-11.16,-20.29,"6,724,986","4,295,703.12"
3 Months,MUTAKAMELA,,12.56,12.91,9.8,10.02,-2.54,-20.22,"5,015,580","981,407.84"
3 Months,ALDAWAA,,61.45,61.7,48.7,49.08,-12.37,-20.13,"9,933,700","3,223,938.92"
3 Months,MASAR,,22.41,23.1,16.01,17.9,-4.51,-20.12,"171,849,456","16,694,431.91"
3 Months,EMAAR EC,,11.74,11.95,9.05,9.39,-2.35,-20.02,"17,549,637","1,301,894.13"
3 Months,TADAWUL GROUP,,188.20,194.1,133,151.1,-37.1,-19.71,"31,254,330","37,637,192.50"
3 Months,ALMAWARID,,105.60,109.88,84.55,85,-20.6,-19.51,"5,449,455","4,223,781.05"
3 Months,HERFY FOODS,,18.75,19.29,14,15.1,-3.65,-19.47,"12,756,363","678,856.72"
3 Months,SVCP,,24.48,24.9,19.5,19.72,-4.76,-19.44,"3,208,701","872,117.87"
3 Months,TADCO,,8.85,8.96,7.04,7.13,-1.72,-19.44,"7,880,484","410,651.20"
3 Months,DWF,,122.00,127.5,96.6,98.65,-23.35,-19.14,"2,168,325","1,226,995.90"
3 Months,SALAMA,,10.70,11.5,8.13,8.68,-2.02,-18.88,"8,028,421","607,573.49"
3 Months,SAUDI GERMAN HEALTH,,41.96,43,31.46,34.06,-7.9,-18.83,"57,415,967","23,752,332.84"
3 Months,MODERN MILLS,,32.80,33.8,26.38,26.66,-6.14,-18.72,"6,647,788","1,258,266.70"
3 Months,METLIFE AIG ANB,,17.58,17.78,14.02,14.3,-3.28,-18.66,"3,601,863","17,571,429.72"
3 Months,SSP,,46.64,47.48,35.9,38,-8.64,-18.52,"11,773,157","4,236,647.94"
3 Months,NGC,,18.21,18.55,14.3,14.84,-3.37,-18.51,"6,375,371","1,011,684.24"
3 Months,ALETIHAD,,9.38,9.62,7.5,7.67,-1.71,-18.23,"8,609,601","1,069,550.04"
3 Months,ALKHALEEJ TRNG,,23.43,24,18.1,19.26,-4.17,-17.80,"14,739,380","1,360,614.61"
3 Months,SGS,,41.70,42.32,33.9,34.34,-7.36,-17.65,"24,563,781","3,393,094.38"
3 Months,NCLE,,150.50,157.7,123.2,124.4,-26.1,-17.34,"1,767,458","3,026,277.90"
3 Months,SAIC,,19.54,20.03,15.87,16.16,-3.38,-17.30,"14,018,746","1,954,801.03"
3 Months,SEERA,,29.88,30.48,24.6,24.77,-5.11,-17.10,"30,937,750","8,085,627.76"
3 Months,SAPTCO,,11.00,11.3,9.1,9.14,-1.86,-16.91,"24,473,158","2,528,301.10"
3 Months,SPPC,,9.07,9.51,7.54,7.54,-1.53,-16.87,"12,070,399","1,022,874.11"
3 Months,2P,,8.81,9.18,7.23,7.33,-1.48,-16.80,"32,285,432","2,186,055.86"
3 Months,ALMOOSA,,177.80,183,145.4,148.1,-29.7,-16.70,"1,717,127","1,839,089.70"
3 Months,SHL,,19.55,20.4,14.91,16.3,-3.25,-16.62,"5,294,967","6,767,621.11"
3 Months,SUMOU,,36.50,38.1,29.42,30.46,-6.04,-16.55,"7,539,816","3,033,071.02"
3 Months,SAUDI RE,,31.62,32.38,25.5,26.5,-5.12,-16.19,"40,412,397","6,814,571.90"
3 Months,MRNA,,10.86,10.97,9,9.13,-1.73,-15.93,"3,560,585","397,535.27"
3 Months,ANAAM HOLDING,,13.81,14.05,11.11,11.62,-2.19,-15.86,"16,634,411","966,609.29"
3 Months,TALCO,,38.60,39.4,32.02,32.52,-6.08,-15.75,"2,976,818","946,845.68"
3 Months,SACO,,28.70,28.9,24,24.26,-4.44,-15.47,"6,154,687","871,603.95"
3 Months,UCA,,4.22,4.35,3.35,3.58,-0.64,-15.17,"44,403,237","1,560,961.37"
3 Months,TASNEE,,10.60,10.95,8.79,9.04,-1.56,-14.72,"62,957,855","6,250,100.50"
3 Months,ALOMRAN,,27.40,27.9,23.2,23.38,-4.02,-14.67,"2,960,785","563,051.57"
3 Months,ARAB SEA,,4.72,4.82,3.89,4.03,-0.69,-14.62,"35,259,710","959,776.79"
3 Months,LEEJAM SPORTS,,113.60,117.2,93,97,-16.6,-14.61,"6,007,196","27,908,918.10"
3 Months,ARTEX,,12.12,12.3,10.08,10.39,-1.73,-14.27,"5,642,495","299,932.23"
3 Months,THIMAR,,41.70,42.32,31.9,35.76,-5.94,-14.24,"13,169,197","3,507,141.80"
3 Months,THEEB,,39.75,42.56,33.5,34.1,-5.65,-14.21,"13,708,327","2,304,017.02"
3 Months,SAVOLA GROUP,,26.60,26.9,20.98,22.84,-3.76,-14.14,"39,796,170","4,075,554.65"
3 Months,PETRO RABIGH,,8.30,8.36,6.36,7.13,-1.17,-14.10,"134,471,588","16,999,313.66"
3 Months,ALHAMMADI,,30.38,31,25.96,26.12,-4.26,-14.02,"20,637,142","4,506,260.54"
3 Months,BUDGET SAUDI,,69.25,69.9,58.4,59.6,-9.65,-13.94,"10,160,843","5,012,882.20"
3 Months,GULF GENERAL,,4.55,4.8,3.51,3.92,-0.63,-13.85,"13,553,649","835,756.99"
3 Months,ACWA,,209.10,216.7,167.5,180.3,-28.8,-13.77,"25,999,413","20,940,857.90"
3 Months,DERAYAH,,28.36,29.76,24.28,24.5,-3.86,-13.61,"30,618,986","22,529,482.45"
3 Months,SPORT CLUBS,,9.69,9.9,7.9,8.38,-1.31,-13.52,"109,004,650","4,469,486.18"
3 Months,BUILD STATION,,61.80,63.45,52,53.45,-8.35,-13.51,"5,468,974","1,868,933.90"
3 Months,JOUF CEMENT,,6.90,6.95,5.92,5.97,-0.93,-13.48,"9,488,949","679,428.64"
3 Months,LIVA,,12.31,12.57,10.1,10.67,-1.64,-13.32,"3,193,145","543,986.66"
3 Months,UCIC,,28.90,29.26,24.7,25.08,-3.82,-13.22,"10,637,498","2,136,138.13"
3 Months,FLYNAS,,69.10,74.35,59,60.1,-9,-13.02,"39,191,928","28,064,571.70"
3 Months,YANSAB,,31.24,31.46,26.08,27.2,-4.04,-12.93,"31,215,592","21,565,395.12"
3 Months,SADAFCO,,246.00,250,210.2,214.3,-31.7,-12.89,"1,766,919","22,295,065.00"
3 Months,WAFRAH,,24.06,24.78,19.3,21,-3.06,-12.72,"3,825,299","492,234.41"
3 Months,SIIG,,15.29,15.54,11.41,13.37,-1.92,-12.56,"53,370,673","3,559,553.71"
3 Months,JAMJOOM PHARMA,,149.50,152.5,127.4,130.8,-18.7,-12.51,"3,079,785","5,052,307.60"
3 Months,BAWAN,,51.50,52.7,45.12,45.12,-6.38,-12.39,"10,019,194","3,682,665.88"
3 Months,FAKEEH CARE,,37.64,38.98,32.8,32.98,-4.66,-12.38,"13,391,281","6,300,391.50"
3 Months,NAMA CHEMICALS,,24.90,25.7,19.95,21.82,-3.08,-12.37,"6,467,723","595,203.43"
3 Months,MAADANIYAH,,14.97,15.56,12.85,13.14,-1.83,-12.22,"8,784,494","813,137.70"
3 Months,ELM,,810.00,826,659.5,712.5,-97.5,-12.04,"5,354,934","108,369,393.00"
3 Months,TCC,,9.66,9.8,8.31,8.5,-1.16,-12.01,"7,772,621","352,848.17"
3 Months,SHARQIYAH DEV,,15.22,15.8,13.31,13.4,-1.82,-11.96,"7,929,197","1,100,923.44"
3 Months,OGC,,28.72,29.58,23.81,25.3,-3.42,-11.91,"20,258,521","6,198,467.20"
3 Months,SIPCHEM,,17.22,17.45,14.36,15.17,-2.05,-11.90,"106,305,926","9,396,239.38"
3 Months,ALANDALUS,,18.65,19.4,16.32,16.45,-2.2,-11.80,"3,693,437","217,846.58"
3 Months,ALWASAIL INDUSTRIAL,,3.40,3.69,2.96,3,-0.4,-11.76,"15,444,162","605,331.12"
3 Months,TAKWEEN,,6.65,6.82,5.5,5.88,-0.77,-11.58,"8,137,064","587,891.20"
3 Months,SAUDI DARB,,2.53,2.59,2.05,2.24,-0.29,-11.46,"256,345,737","3,113,864.64"
3 Months,SHAKER,,19.19,19.8,16.39,17,-2.19,-11.41,"12,020,864","837,173.41"
3 Months,AICC,,10.15,10.8,8.5,9,-1.15,-11.33,"4,685,501","1,485,964.25"
3 Months,NOFOTH,,9.50,10.69,8.35,8.46,-1.04,-10.95,"5,524,674","2,367,318.47"
3 Months,SASCO,,63.25,64.9,50.45,56.35,-6.9,-10.91,"13,809,284","11,817,714.80"
3 Months,CATRION,,87.50,90.2,76.95,78,-9.5,-10.86,"12,440,133","10,215,754.35"
3 Months,SARCO,,56.40,57.2,48.64,50.55,-5.85,-10.37,"3,173,585","1,207,191.85"
3 Months,WALAA,,12.66,12.87,9.88,11.35,-1.31,-10.35,"38,579,388","6,824,485.74"
3 Months,ALMAJDIAH,,10.38,10.79,8.95,9.31,-1.07,-10.31,"46,568,251","4,306,594.16"
3 Months,GACO,,17.00,17.3,15,15.29,-1.71,-10.06,"2,805,808","185,405.02"
3 Months,ALJAZIRA REIT,,12.73,12.98,11.28,11.47,-1.26,-9.90,"1,834,729","64,199.22"
3 Months,EQUIPMENT HOUSE,,34.16,36.64,30.48,30.8,-3.36,-9.84,"3,511,420","501,053.30"
3 Months,SINAD HOLDING,,9.60,9.71,8.09,8.66,-0.94,-9.79,"6,228,665","419,694.77"
3 Months,SISCO HOLDING,,32.28,33.3,27.76,29.12,-3.16,-9.79,"16,919,579","7,856,754.78"
3 Months,FARM SUPERSTORES,,15.11,15.5,13.52,13.64,-1.47,-9.73,"3,003,641","228,499.81"
3 Months,AMANA INSURANCE,,6.80,7.19,5.66,6.15,-0.65,-9.56,"12,786,972","5,589,436.62"
3 Months,MALATH INSURANCE,,10.88,11.12,8.6,9.84,-1.04,-9.56,"12,151,726","950,356.68"
3 Months,JAZADCO,,9.27,9.43,7.55,8.4,-0.87,-9.39,"4,456,289","173,454.11"
3 Months,BANAN,,4.03,4.12,3.38,3.66,-0.37,-9.18,"8,758,052","298,709.29"
3 Months,HB,,36.22,36.74,30.74,32.94,-3.28,-9.06,"2,194,347","386,633.32"
3 Months,SPCC,,23.48,23.89,21,21.4,-2.08,-8.86,"4,072,884","664,548.06"
3 Months,NADEC,,19.35,20.24,17.45,17.67,-1.68,-8.68,"49,949,504","17,711,436.62"
3 Months,SAUDI CEMENT,,37.38,37.46,33.86,34.14,-3.24,-8.67,"8,201,186","3,615,242.40"
3 Months,FIPCO,,32.12,33.6,28.94,29.34,-2.78,-8.66,"2,106,568","336,098.58"
3 Months,AVALON PHARMA,,122.80,124.7,109.1,112.3,-10.5,-8.55,"2,532,328","2,114,856.30"
3 Months,NAJRAN CEMENT,,7.03,7.07,6.3,6.43,-0.6,-8.53,"17,469,892","1,461,653.78"
3 Months,BCI,,27.30,28.16,24.78,24.98,-2.32,-8.50,"1,569,180","411,178.06"
3 Months,AWPT,,138.00,143,117.3,126.3,-11.7,-8.48,"4,720,681","4,256,289.30"
3 Months,ALMARAI,,46.62,47.44,41.2,42.68,-3.94,-8.45,"39,662,790","17,654,213.54"
3 Months,SAICO,,12.56,13.47,10.68,11.5,-1.06,-8.44,"6,100,530","933,553.29"
3 Months,NAHDI,,108.50,109.9,91,99.35,-9.15,-8.43,"18,831,816","5,580,343.60"
3 Months,ARABIAN SHIELD,,12.70,12.85,10.11,11.63,-1.07,-8.43,"15,654,568","1,781,509.96"
3 Months,SOLUTIONS,,224.10,240,202.4,205.8,-18.3,-8.17,"7,579,357","19,498,957.50"
3 Months,NORTHERN CEMENT,,7.55,7.63,6.81,6.94,-0.61,-8.08,"10,022,907","698,518.00"
3 Months,A.OTHAIM MARKET,,6.95,7.5,6,6.39,-0.56,-8.06,"97,202,098","2,143,170.89"
3 Months,FITAIHI GROUP,,2.99,3.09,2.64,2.75,-0.24,-8.03,"64,433,854","2,712,274.26"
3 Months,TANMIAH,,63.30,65.4,55,58.25,-5.05,-7.98,"4,274,706","3,358,847.15"
3 Months,TAMKEEN,,54.55,56.5,49.74,50.2,-4.35,-7.97,"5,726,496","5,216,814.40"
3 Months,TASHEEL,,157.70,165.9,141.7,145.2,-12.5,-7.93,"3,860,711","20,112,611.40"
3 Months,AYYAN,,13.35,13.85,11.61,12.31,-1.04,-7.79,"24,957,345","4,037,268.66"
3 Months,BINDAWOOD,,5.18,5.26,4.46,4.78,-0.4,-7.72,"48,715,704","1,843,235.63"
3 Months,ATAA,,62.20,62.85,49.6,57.45,-4.75,-7.64,"3,738,762","1,801,130.05"
3 Months,AMLAK,,12.05,12.24,10.4,11.16,-0.89,-7.39,"7,367,320","290,905.35"
3 Months,CARE,,152.50,162.4,132.5,141.5,-11,-7.21,"6,027,270","64,292,092.90"
3 Months,CENOMI CENTERS,,20.30,20.38,18.62,18.84,-1.46,-7.19,"42,795,989","5,569,202.09"
3 Months,JAZIRA TAKAFUL,,11.96,12.6,10.7,11.14,-0.82,-6.86,"5,114,644","717,343.52"
3 Months,BURGERIZZR,,9.60,10.74,7.72,8.95,-0.65,-6.77,"50,796,454","1,013,283.74"
3 Months,MBC GROUP,,33.32,34.3,27.58,31.08,-2.24,-6.72,"16,347,741","7,737,870.50"
3 Months,WATANIYA,,13.86,14.35,12.25,12.93,-0.93,-6.71,"13,262,901","2,079,884.30"
3 Months,MOUWASAT,,70.70,71.85,65.1,66,-4.7,-6.65,"22,658,824","20,709,927.45"
3 Months,BAAZEEM,,6.39,6.95,5.81,5.97,-0.42,-6.57,"26,566,055","581,413.75"
3 Months,EXTRA,,92.15,93,82.85,86.25,-5.9,-6.40,"13,317,950","17,402,496.50"
3 Months,ALDREES,,135.00,138.6,117.4,126.4,-8.6,-6.37,"20,365,695","23,892,251.60"
3 Months,SAUDI CERAMICS,,29.20,29.82,26,27.34,-1.86,-6.37,"15,380,770","3,023,614.48"
3 Months,GULF UNION ALAHLIA,,11.22,12.09,9.96,10.58,-0.64,-5.70,"5,005,329","351,455.61"
3 Months,NAYIFAT,,12.70,13.4,11.67,11.99,-0.71,-5.59,"5,480,155","1,875,585.43"
3 Months,ALSAGR INSURANCE,,11.08,11.62,9.03,10.47,-0.61,-5.51,"16,921,696","3,783,623.21"
3 Months,ZOUJAJ,,38.46,39.5,34.5,36.38,-2.08,-5.41,"5,610,294","873,070.40"
3 Months,BATIC,,2.23,2.26,1.89,2.11,-0.12,-5.38,"397,785,292","6,815,092.54"
3 Months,ABO MOATI,,45.40,52.4,38.48,43,-2.4,-5.29,"36,028,676","3,114,632.26"
3 Months,ALMUNAJEM,,54.45,57.75,49.02,51.6,-2.85,-5.23,"4,799,455","2,467,149.10"
3 Months,ANB,,22.12,23.24,20.4,21,-1.12,-5.06,"83,328,740","19,454,444.40"
3 Months,MESC,,24.21,26.46,20.54,23,-1.21,-5.00,"32,486,644","9,795,208.87"
3 Months,DERAYAH REIT,,5.49,5.59,4.97,5.22,-0.27,-4.92,"4,711,815","120,817.74"
3 Months,SMC HEALTHCARE,,20.64,21.49,17.3,19.67,-0.97,-4.70,"36,314,845","3,351,635.46"
3 Months,TALEEM REIT,,10.31,10.4,9.77,9.88,-0.43,-4.17,"4,184,727","194,001.15"
3 Months,ARABIAN MILLS,,40.60,40.9,36.6,39.04,-1.56,-3.84,"6,491,286","1,940,361.38"
3 Months,MULKIA REIT,,4.75,4.78,4.5,4.57,-0.18,-3.79,"3,517,803","124,582.71"
3 Months,FIRST MILLS,,50.90,51.4,46.1,49.02,-1.88,-3.69,"2,178,626","744,602.76"
3 Months,ARABIAN DRILLING,,94.50,107,87.6,91.1,-3.4,-3.60,"15,786,418","6,647,929.80"
3 Months,ASTRA INDUSTRIAL,,139.00,156.8,126.5,134,-5,-3.60,"5,467,838","5,879,318.00"
3 Months,SAUDI ELECTRICITY,,14.42,14.65,13.64,13.94,-0.48,-3.33,"88,982,752","21,148,769.86"
3 Months,LAZURDE,,11.72,12.34,11.18,11.34,-0.38,-3.24,"6,849,832","947,214.39"
3 Months,SPM,,57.60,64.5,51.7,55.75,-1.85,-3.21,"10,929,629","2,697,113.95"
3 Months,Al RAJHI REIT,,8.23,8.28,7.7,8,-0.23,-2.79,"14,537,080","755,246.72"
3 Months,RIYADH CABLES,,130.70,136.3,117.6,127.1,-3.6,-2.75,"10,270,185","7,693,237.30"
3 Months,YCC,,15.58,16.35,14.17,15.16,-0.42,-2.70,"23,371,798","2,798,743.46"
3 Months,GIG,,23.92,24.8,20.84,23.37,-0.55,-2.30,"6,502,581","1,106,037.08"
3 Months,AZM,,24.84,26.5,21.95,24.3,-0.54,-2.17,"8,877,283","9,295,452.40"
3 Months,BAAN,,1.91,2.16,1.7,1.87,-0.04,-2.09,"198,118,322","5,414,127.82"
3 Months,OASIS,,2.59,2.98,2.09,2.54,-0.05,-1.93,"120,155,399","3,381,118.54"
3 Months,FOURTH MILLING,,3.79,3.81,3.46,3.72,-0.07,-1.85,"55,105,729","4,124,450.03"
3 Months,ALINMA HOSPITALITY REIT,,8.16,8.45,7.9,8.03,-0.13,-1.59,"12,254,987","164,493.08"
3 Months,ALBILAD,,27.20,27.76,24.11,26.78,-0.42,-1.54,"116,543,293","49,844,662.00"
3 Months,SADR,,2.84,2.98,2.48,2.8,-0.04,-1.41,"103,134,888","2,123,535.34"
3 Months,PETROCHEM,,46.05,46.05,45.4,45.45,-0.6,-1.30,"289,936","4,661,416.70"
3 Months,SAUDI ARAMCO,,25.90,26.06,23.29,25.6,-0.3,-1.16,"634,440,513","113,706,458.40"
3 Months,BAHRI,,31.10,34,24.04,30.76,-0.34,-1.09,"46,477,564","34,055,404.66"
3 Months,MUSHARAKA REIT,,4.29,4.44,4.01,4.25,-0.04,-0.93,"2,772,305","20,341.61"
3 Months,GO TELECOM,,93.20,101.4,84.7,92.4,-0.8,-0.86,"12,933,134","13,669,379.55"
3 Months,SULAIMAN ALHABIB,,250.00,268.8,241,248.4,-1.6,-0.64,"11,824,789","58,093,258.70"
3 Months,JADWA REIT ALHARAMAIN,,5.01,5.24,4.8,4.98,-0.03,-0.60,"2,966,164","32,939.04"
3 Months,ALAMAR,,45.16,47.4,39,44.94,-0.22,-0.49,"5,613,560","2,583,604.78"
3 Months,GAS,,14.01,14.52,12.02,14,-0.01,-0.07,"16,807,660","7,881,184.22"
