period,Company,Symbol,Open,Highest,Lowest,Close,Change,Change %,Volume Traded,Value Traded
1 Year,PETRO RABIGH,,7.50,18.77,6.36,17.2,9.7,129.33,"1,856,874,929","62,410,969.84"
1 Year,MIS,,137.80,338,136.7,295,157.2,114.08,"20,730,907","20,039,273.00"
1 Year,KEC,,12.79,23.22,11.03,22.4,9.61,75.14,"105,840,484","81,440,803.32"
1 Year,KINGDOM,,7.79,15.94,7.5,13.46,5.67,72.79,"255,759,465","10,646,754.08"
1 Year,LUBEREF,,88.70,143,84.45,127.7,39,43.97,"88,875,960","42,444,154.80"
1 Year,EAST PIPES,,126.40,231.1,124.6,174.5,48.1,38.05,"61,242,164","50,737,339.30"
1 Year,RASAN,,101.50,159.6,98.3,135,33.5,33.00,"115,121,864","44,758,592.80"
1 Year,ARABIAN DRILLING,,78.10,107,72.8,99.75,21.65,27.72,"54,657,424","44,387,113.95"
1 Year,BAHRI,,27.96,39.48,24.04,35.38,7.42,26.54,"310,106,242","50,531,609.22"
1 Year,EIC,,11.04,19.9,10.5,13.86,2.82,25.54,"959,972,555","73,757,949.69"
1 Year,AMERICANA,,2.00,2.52,1.62,2.41,0.41,20.50,"6,925,691,867","22,775,737.09"
1 Year,ARMAH,,57.10,74.75,50.55,66.45,9.35,16.37,"8,979,193","33,210,015.40"
1 Year,SAUDI CABLE,,156.80,190.6,124.8,181.9,25.1,16.01,"9,954,805","532,521.90"
1 Year,JARIR,,13.85,18.38,12.26,15.93,2.08,15.02,"499,950,367","41,454,921.86"
1 Year,SISCO HOLDING,,33.06,40.82,25.3,37.7,4.64,14.04,"106,183,667","10,743,309.26"
1 Year,ENAYA,,9.21,12.42,6.4,10.48,1.27,13.79,"124,600,090","11,081,924.40"
1 Year,GIG,,26.98,34.74,20.84,30.48,3.5,12.97,"33,628,472","925,588.86"
1 Year,BSF,,18.30,22.5,15.49,20.47,2.17,11.86,"507,702,552","49,907,595.07"
1 Year,NAQI,,54.25,64.8,50.05,60,5.75,10.60,"12,826,023","3,326,888.50"
1 Year,RAOOM,,66.00,85.25,52,72.65,6.65,10.08,"18,639,019","3,131,972.30"
1 Year,ALINMA,,22.55,26,19.95,24.32,1.77,7.85,"1,434,341,819","76,230,898.83"
1 Year,SPIMACO,,29.12,33.32,24.96,30.98,1.86,6.39,"141,278,547","6,555,669.30"
1 Year,MAHARAH,,3.83,5.57,3.77,4.06,0.23,6.01,"1,168,305,552","9,329,149.42"
1 Year,APC,,4.94,6.33,3.38,5.22,0.28,5.67,"1,570,256,518","19,754,873.10"
1 Year,ADES,,16.03,19.94,15.07,16.93,0.9,5.61,"469,725,814","30,753,050.65"
1 Year,SIECO,,2.12,2.98,1.77,2.23,0.11,5.19,"1,096,513,946","1,528,371.47"
1 Year,MESC,,30.80,36.7,18.21,32.24,1.44,4.68,"119,265,126","9,076,259.48"
1 Year,ALMASAR ALSHAMIL,,23.09,28.18,18.33,24,0.91,3.94,"159,431,801","4,135,427.74"
1 Year,MARAFIQ,,39.40,46.18,28.42,40.5,1.1,2.79,"150,315,914","6,199,380.50"
1 Year,SAUDI ARAMCO,,24.60,27.96,23.29,25.22,0.62,2.52,"2,824,489,696","307,876,680.30"
1 Year,BONYAN REIT,,9.25,10.24,9,9.44,0.19,2.05,"24,955,191","1,404,334.72"
1 Year,TALEEM REIT,,9.88,11,9.4,10.07,0.19,1.92,"10,815,055","459,679.20"
1 Year,SAB,,32.80,37.92,30.2,33.32,0.52,1.59,"417,046,921","43,624,284.44"
1 Year,SAIB,,14.33,14.98,12.26,14.54,0.21,1.47,"130,955,326","9,993,497.48"
1 Year,ALAWWAL,,19.30,19.58,19,19.58,0.28,1.45,"2,622,060","30,693,634.94"
1 Year,SNB,,39.30,45.24,36,39.82,0.52,1.32,"1,106,377,664","188,946,064.34"
1 Year,HCC,,11.46,11.7,11.36,11.6,0.14,1.22,"1,904,604","11,976,960.50"
1 Year,Sahara,,17.26,17.48,16.7,17.46,0.2,1.16,"6,375,356","67,130,506.54"
1 Year,SAUDI ENERGY,,15.45,18.48,13,15.6,0.15,0.97,"382,834,974","17,004,354.51"
1 Year,DUR,,26.80,27.3,26.4,27,0.2,0.75,"222,446","4,338,476.30"
1 Year,AL AZIZIAH REIT,,4.14,5.56,3.72,4.17,0.03,0.72,"29,910,711","175,998.66"
1 Year,QACCO,,43.00,46.48,41.06,43.28,0.28,0.65,"37,201,152","5,136,297.80"
1 Year,SSP,,52.50,60.7,35.8,52.75,0.25,0.48,"72,003,427","13,990,552.55"
1 Year,SABB TAKAFUL,,11.50,11.98,11.5,11.5,0,0.00,"539,556","6,349,103.58"
1 Year,MMG,,12.55,12.9,11.8,12.55,0,0.00,"5,310,626","66,213,259.00"
1 Year,WAFA INSURANCE,,9.50,10,9.3,9.5,0,0.00,"915,571","8,767,344.86"
1 Year,ALAHLIA,,14.76,15.02,14.5,14.76,0,0.00,"1,119,353","16,457,121.40"
1 Year,ATC,,34.00,34.35,33.8,34,0,0.00,"263,305","8,968,049.20"
1 Year,PETROCHEM,,45.45,46,45.4,45.45,0,0.00,"102,240","4,661,416.70"
1 Year,SAMBA,,38.50,39.1,37.8,38.5,0,0.00,"8,954,421","343,828,273.55"
1 Year,Weqaya Takaful,,19.39,19.75,19.15,19.39,0,0.00,"1,694,478","32,930,031.50"
1 Year,ALKHODARI,,5.39,5.76,5.18,5.39,0,0.00,"4,609,164","25,244,810.49"
1 Year,Bishah Agriculture,,69.75,81,69.75,69.75,0,0.00,"4,570,725","339,704,400.75"
1 Year,ALINMA TOKIO M,,12.80,12.84,12.06,12.8,0,0.00,"765,899","9,519,564.54"
1 Year,SANAD,,15.23,17.75,14.75,15.23,0,0.00,"1,572,218","25,722,117.10"
1 Year,SOLIDARITY,,14.20,14.52,14.16,14.2,0,0.00,"636,038","9,053,258.36"
1 Year,NASEEJ,,57.57,58.68,11.69,11.71,-45.86,-79.66,"180,688,759","18,493,898.21"
1 Year,SRMG,,182.70,191,52.65,54,-128.7,-70.44,"39,506,520","12,756,211.85"
1 Year,MIAHONA,,24.61,26.2,9.65,9.73,-14.88,-60.46,"210,155,057","10,951,892.85"
1 Year,LUMI,,61.90,65,24.4,24.48,-37.42,-60.45,"44,448,571","5,572,748.10"
1 Year,NICE ONE,,25.00,26,10.41,10.44,-14.56,-58.24,"194,028,188","2,579,372.38"
1 Year,RED SEA,,45.20,47.6,19.3,20,-25.2,-55.75,"184,910,883","12,812,523.31"
1 Year,THEEB,,42.75,43.6,18.86,19.33,-23.42,-54.78,"123,265,930","9,934,593.94"
1 Year,SHAKER,,22.54,23.42,10.26,10.28,-12.26,-54.39,"134,681,823","2,598,007.02"
1 Year,ALMAJDIAH,,12.69,12.85,5.7,5.83,-6.86,-54.06,"252,470,742","3,940,862.64"
1 Year,ALARABIA,,99.80,131.6,46.22,46.3,-53.5,-53.61,"48,715,064","13,348,981.74"
1 Year,ALKHALEEJ TRNG,,26.00,29.38,12.16,12.18,-13.82,-53.15,"69,214,637","645,599.12"
1 Year,SGS,,46.54,47.68,20.73,22.25,-24.29,-52.19,"122,239,251","10,616,939.74"
1 Year,ALKATHIRI,,2.15,2.26,1.03,1.06,-1.09,-50.70,"847,206,676","5,151,204.12"
1 Year,LEEJAM SPORTS,,144.50,150.7,69.65,71.3,-73.2,-50.66,"36,317,410","6,586,545.90"
1 Year,TAKWEEN,,7.80,7.89,3.71,3.85,-3.95,-50.64,"83,545,206","916,135.17"
1 Year,BUDGET SAUDI,,55.56,59.04,26.72,27.54,-28.02,-50.43,"101,424,156","12,480,780.56"
1 Year,TASHEEL,,53.84,59.64,26.68,26.7,-27.14,-50.41,"73,019,165","2,648,050.68"
1 Year,SAUDI GERMAN HEALTH,,56.85,59.2,28.12,28.44,-28.41,-49.97,"161,868,500","8,483,160.48"
1 Year,SFICO,,95.00,96.5,38.16,47.7,-47.3,-49.79,"84,733,937","38,043,126.40"
1 Year,BUILD STATION,,73.90,77.15,36.68,38,-35.9,-48.58,"25,666,213","1,089,670.64"
1 Year,RAYDAN,,30.90,32.4,13,16.01,-14.89,-48.19,"27,650,358","3,402,901.61"
1 Year,CHUBB,,30.99,33.2,15.7,16.1,-14.89,-48.05,"97,830,637","1,587,983.70"
1 Year,JAHEZ,,22.20,22.9,10.72,11.67,-10.53,-47.43,"417,024,678","2,820,198.89"
1 Year,ENTAJ,,40.44,42.08,19.96,21.4,-19.04,-47.08,"47,124,434","3,022,468.65"
1 Year,MBC GROUP,,35.94,38,18.1,19.03,-16.91,-47.05,"61,249,867","1,211,223.19"
1 Year,2P,,10.05,10.15,5.33,5.33,-4.72,-46.97,"163,309,267","3,554,110.81"
1 Year,CENOMI RETAIL,,27.48,28.5,11.88,14.7,-12.78,-46.51,"377,581,557","6,795,504.73"
1 Year,A.OTHAIM MARKET,,7.71,7.95,4.2,4.2,-3.51,-45.53,"339,225,473","5,159,366.90"
1 Year,MEPCO,,28.50,29.12,15.49,15.53,-12.97,-45.51,"157,971,373","15,084,753.47"
1 Year,AMIANTIT,,21.30,22.58,11.5,11.61,-9.69,-45.49,"99,509,739","3,345,727.45"
1 Year,ALDAWAA,,65.40,68.95,36.08,36.08,-29.32,-44.83,"38,764,813","2,003,970.48"
1 Year,ARDCO,,29.92,30.4,15.25,16.51,-13.41,-44.82,"65,096,310","6,196,294.40"
1 Year,TADAWUL GROUP,,209.00,215,115.5,116.4,-92.6,-44.31,"84,375,623","49,823,029.60"
1 Year,FLYNAS,,77.35,81.7,41.16,43.12,-34.23,-44.25,"136,319,974","7,550,224.84"
1 Year,CHEMANOL,,48.96,49.46,26.04,27.62,-21.34,-43.59,"26,872,403","9,122,271.28"
1 Year,ALETIHAD,,11.45,11.74,5.68,6.47,-4.98,-43.49,"103,756,287","4,431,607.08"
1 Year,MAADANIYAH,,18.04,18.2,10.15,10.21,-7.83,-43.40,"37,129,216","902,186.89"
1 Year,NGC,,20.45,21.4,11.54,11.69,-8.76,-42.84,"26,191,846","1,060,590.17"
1 Year,CARE,,180.50,183.5,94.9,103.3,-77.2,-42.77,"33,271,150","20,823,320.50"
1 Year,SAIC,,25.16,26.1,13.5,14.4,-10.76,-42.77,"70,206,012","2,198,005.85"
1 Year,SIPCHEM,,20.42,20.82,11.78,11.78,-8.64,-42.31,"466,885,303","19,520,387.78"
1 Year,ATAA,,65.20,70.6,37.76,37.76,-27.44,-42.09,"17,315,863","3,365,537.02"
1 Year,CMCER,,8.25,9.14,4.75,4.8,-3.45,-41.82,"242,516,544","1,689,813.79"
1 Year,ALOMRAN,,31.26,33.7,18.12,18.28,-12.98,-41.52,"15,022,548","234,034.83"
1 Year,SUMOU,,40.54,42,23.75,23.85,-16.69,-41.17,"33,075,308","979,182.98"
1 Year,SIIG,,19.11,19.4,11.24,11.27,-7.84,-41.03,"219,738,617","5,626,711.26"
1 Year,SALAMA,,12.42,12.63,6.55,7.36,-5.06,-40.74,"51,710,374","4,345,994.26"
1 Year,BAWAN,,58.10,60.35,32.98,34.7,-23.4,-40.28,"65,501,741","5,441,948.88"
1 Year,ARAB SEA,,5.47,5.58,3.2,3.27,-2.2,-40.22,"171,394,050","3,440,784.61"
1 Year,SACO,,29.08,33.34,17.02,17.46,-11.62,-39.96,"28,338,086","419,670.89"
1 Year,ADVANCED,,35.44,38.64,21.4,21.42,-14.02,-39.56,"233,695,604","4,442,773.76"
1 Year,FARM SUPERSTORES,,17.12,17.97,10.43,10.43,-6.69,-39.08,"13,554,613","415,625.90"
1 Year,HERFY FOODS,,22.42,22.98,12.9,13.7,-8.72,-38.89,"40,813,783","1,686,146.83"
1 Year,GACO,,18.84,19.55,11.41,11.52,-7.32,-38.85,"24,920,085","886,010.04"
1 Year,SPPC,,11.29,11.47,6.19,6.92,-4.37,-38.71,"154,436,171","3,056,342.53"
1 Year,CATRION,,99.50,102.2,60.2,61,-38.5,-38.69,"49,146,238","11,743,262.80"
1 Year,DALLAH HEALTH,,122.81,131.06,72.8,75.45,-47.36,-38.56,"32,353,450","10,870,888.05"
1 Year,UCA,,5.49,5.63,2.67,3.38,-2.11,-38.43,"147,839,459","2,585,990.17"
1 Year,DWF,,131.50,149.7,80,81,-50.5,-38.40,"9,942,453","2,357,747.65"
1 Year,NADEC,,21.92,22.7,13.51,13.52,-8.4,-38.32,"203,442,972","5,532,987.79"
1 Year,ACIG,,11.02,12.36,5.65,6.85,-4.17,-37.84,"144,037,268","2,294,716.53"
1 Year,TECO,,19.00,19.4,10.5,11.82,-7.18,-37.79,"180,764,707","1,088,955.73"
1 Year,DERAYAH,,30.72,31.7,19.02,19.25,-11.47,-37.34,"119,090,550","30,202,012.78"
1 Year,CGS,,10.08,10.95,6.11,6.32,-3.76,-37.30,"200,133,782","1,265,986.84"
1 Year,ELM,,901.00,956,504.5,565.5,-335.5,-37.24,"27,806,061","45,877,477.50"
1 Year,SVCP,,28.20,28.78,15.94,17.74,-10.46,-37.09,"28,158,097","3,981,043.04"
1 Year,SHL,,20.61,24.13,13.01,13.07,-7.54,-36.58,"28,197,740","217,818.22"
1 Year,BURGERIZZR,,10.01,10.83,6.29,6.37,-3.64,-36.36,"130,303,333","908,139.23"
1 Year,CITY CEMENT,,15.77,16.2,9.99,10.07,-5.7,-36.14,"119,385,970","1,839,383.08"
1 Year,NOFOTH,,9.50,10.69,5.77,6.1,-3.4,-35.79,"36,160,702","1,614,397.38"
1 Year,AYYAN,,12.80,14.08,8,8.22,-4.58,-35.78,"101,374,425","2,747,255.65"
1 Year,ALHAMMADI,,34.46,36,22.29,22.3,-12.16,-35.29,"71,758,964","5,966,243.11"
1 Year,MALATH INSURANCE,,13.45,13.68,8.14,8.72,-4.73,-35.17,"50,460,011","778,798.63"
1 Year,SPCC,,27.16,27.38,17.6,17.61,-9.55,-35.16,"19,240,589","710,077.87"
1 Year,SAUDI CEMENT,,40.52,41,26.28,26.36,-14.16,-34.95,"36,873,081","5,822,724.58"
1 Year,BANAN,,4.67,4.76,2.85,3.04,-1.63,-34.90,"68,192,226","1,202,369.62"
1 Year,FITAIHI GROUP,,3.31,3.4,2.16,2.16,-1.15,-34.74,"290,995,082","870,763.36"
1 Year,SAUDI DARB,,3.00,3.06,1.87,1.96,-1.04,-34.67,"1,152,631,941","3,590,831.66"
1 Year,EXTRA,,89.95,93.5,58.55,58.8,-31.15,-34.63,"54,738,843","41,004,254.00"
1 Year,ASLAK,,24.81,26.1,15.1,16.23,-8.58,-34.58,"18,199,927","416,354.63"
1 Year,NAJRAN CEMENT,,7.95,8.07,5.21,5.22,-2.73,-34.34,"81,547,142","1,667,412.42"
1 Year,EMAAR EC,,13.98,14.1,7.96,9.23,-4.75,-33.98,"106,509,403","1,620,841.66"
1 Year,AWPT,,137.80,157.2,90.7,91.15,-46.65,-33.85,"24,256,132","11,560,907.65"
1 Year,TAPRCO,,29.05,30.9,13.9,19.33,-9.72,-33.46,"60,266,135","1,258,365.86"
1 Year,TCC,,10.18,10.9,6.81,6.82,-3.36,-33.01,"36,417,713","1,236,208.31"
1 Year,AMLAK,,12.39,13.9,8.21,8.32,-4.07,-32.85,"71,730,533","2,544,341.63"
1 Year,YC,,31.50,32.7,20.99,21.18,-10.32,-32.76,"120,059,809","9,388,603.08"
1 Year,TANMIAH,,83.00,85.8,44.6,56.1,-26.9,-32.41,"23,676,469","6,756,096.95"
1 Year,JAZADCO,,10.70,10.96,7.23,7.24,-3.46,-32.34,"30,999,512","943,563.32"
1 Year,EQUIPMENT HOUSE,,38.82,41,26,26.32,-12.5,-32.20,"14,750,169","589,643.80"
1 Year,TASNEE,,11.50,11.94,7.8,7.8,-3.7,-32.17,"317,055,146","7,016,695.41"
1 Year,ALANDALUS,,20.32,21.15,13.52,13.82,-6.5,-31.99,"15,223,268","756,392.66"
1 Year,JOUF CEMENT,,6.95,7.26,4.68,4.73,-2.22,-31.94,"61,424,341","417,117.44"
1 Year,SAUDI CERAMICS,,31.80,32.86,21.67,21.68,-10.12,-31.82,"67,790,764","3,687,889.67"
1 Year,SAICO,,14.13,14.88,8.3,9.68,-4.45,-31.49,"50,710,974","416,793.48"
1 Year,SADAFCO,,268.20,297.2,183.9,183.9,-84.3,-31.43,"8,022,518","3,661,965.30"
1 Year,ALMOOSA,,171.50,212,110,117.8,-53.7,-31.31,"8,797,621","12,807,611.90"
1 Year,MASAR,,24.85,25.16,14.54,17.13,-7.72,-31.07,"484,532,947","33,184,077.35"
1 Year,CENOMI CENTERS,,20.38,20.9,13.74,14.1,-6.28,-30.81,"190,319,046","16,251,487.86"
1 Year,HB,,40.48,42.92,27,28.02,-12.46,-30.78,"11,723,923","198,571.32"
1 Year,NAMA CHEMICALS,,27.00,27.6,18.56,18.74,-8.26,-30.59,"12,027,758","2,170,549.40"
1 Year,SEERA,,29.00,31.6,19.05,20.14,-8.86,-30.55,"186,196,274","14,353,057.72"
1 Year,THIMAR,,45.28,46.16,28.9,31.52,-13.76,-30.39,"50,230,717","1,809,175.56"
1 Year,OGC,,33.00,38.44,21.9,23.12,-9.88,-29.94,"58,113,899","1,824,092.34"
1 Year,GASCO HOLDING,,82.95,95.75,58.3,58.35,-24.6,-29.66,"32,844,721","16,717,858.10"
1 Year,WAFRAH,,27.42,29.76,17.22,19.36,-8.06,-29.39,"43,493,026","1,313,838.74"
1 Year,ABO MOATI,,45.40,53.95,31.96,32.2,-13.2,-29.07,"110,730,309","10,811,336.02"
1 Year,RETAL,,11.96,15.4,8.5,8.5,-3.46,-28.93,"327,917,013","21,524,641.42"
1 Year,GULF GENERAL,,5.12,5.51,3.51,3.64,-1.48,-28.91,"76,136,462","1,086,387.23"
1 Year,SASCO,,56.20,73.45,37.2,40.2,-16,-28.47,"73,614,908","2,655,037.44"
1 Year,NAYIFAT,,13.40,13.73,9.23,9.59,-3.81,-28.43,"41,576,222","806,744.94"
1 Year,AICC,,11.26,11.38,7.84,8.09,-3.17,-28.15,"27,309,686","1,523,186.69"
1 Year,SHARQIYAH DEV,,17.35,17.56,11.5,12.53,-4.82,-27.78,"72,735,823","3,964,518.98"
1 Year,RIYADH CEMENT,,28.38,28.58,20.18,20.54,-7.84,-27.63,"47,416,018","2,889,134.60"
1 Year,SINAD HOLDING,,10.76,10.93,7.55,7.84,-2.92,-27.14,"43,030,891","2,617,299.27"
1 Year,MRNA,,10.96,11.05,7.29,7.99,-2.97,-27.10,"24,379,493","153,205.21"
1 Year,ANAAM HOLDING,,16.08,17.06,9.31,11.75,-4.33,-26.93,"104,202,988","2,978,134.31"
1 Year,NAHDI,,124.30,124.8,89.75,91,-33.3,-26.79,"45,087,818","4,577,386.85"
1 Year,SENAAT,,33.50,43.96,24.45,24.54,-8.96,-26.75,"155,670,338","14,248,893.26"
1 Year,UACC,,15.05,15.3,10.99,11.04,-4.01,-26.64,"20,761,928","1,164,306.86"
1 Year,TAMKEEN,,58.80,62.9,42.76,43.18,-15.62,-26.56,"22,799,492","1,099,053.94"
1 Year,LAZURDE,,13.40,13.48,9.03,9.86,-3.54,-26.42,"40,158,548","3,105,082.18"
1 Year,LADUN,,2.43,2.75,1.62,1.79,-0.64,-26.34,"167,958,489","19,168,744.52"
1 Year,MUTAKAMELA,,14.21,14.8,8.2,10.58,-3.63,-25.55,"54,083,193","1,145,087.07"
1 Year,ALSAGR INSURANCE,,13.27,13.52,8.56,9.91,-3.36,-25.32,"69,348,639","802,246.39"
1 Year,ALAMAR,,51.80,53.2,36.6,38.7,-13.1,-25.29,"28,174,884","1,806,064.96"
1 Year,GO TELECOM,,109.70,112.1,80.5,82,-27.7,-25.25,"50,092,840","7,594,858.25"
1 Year,MUSHARAKA REIT,,4.33,4.53,3.16,3.24,-1.09,-25.17,"19,706,753","71,431.00"
1 Year,SABIC,,61.55,62.5,46.02,46.06,-15.49,-25.17,"421,778,562","67,655,095.06"
1 Year,ARTEX,,12.89,14.78,9.01,9.72,-3.17,-24.59,"39,162,892","341,067.22"
1 Year,SIDC,,18.50,22.4,9.16,13.98,-4.52,-24.43,"128,697,456","12,109,939.93"
1 Year,SALEH ALRASHED,,51.50,72.15,36.6,39,-12.5,-24.27,"70,810,737","2,953,944.68"
1 Year,ALUJAIN,,34.94,35.38,20.41,26.46,-8.48,-24.27,"121,008,977","5,763,904.20"
1 Year,TALCO,,42.50,43.3,28,32.48,-10.02,-23.58,"15,085,613","1,168,576.84"
1 Year,SMC HEALTHCARE,,19.49,21.49,14,14.9,-4.59,-23.55,"143,318,806","2,715,281.55"
1 Year,ALJOUF,,47.06,53.9,36.02,36.1,-10.96,-23.29,"23,415,656","1,926,894.60"
1 Year,ALJAZIRA REIT,,13.72,14,9.92,10.58,-3.14,-22.89,"10,335,709","141,254.81"
1 Year,JADWA REIT SAUDI,,11.22,11.7,8.69,8.7,-2.52,-22.46,"62,789,079","3,568,552.29"
1 Year,MODERN MILLS,,32.82,35.72,24.9,25.5,-7.32,-22.30,"23,588,599","3,576,614.06"
1 Year,SAUDI RE,,33.90,36.09,21.1,26.36,-7.54,-22.24,"182,827,501","12,854,561.56"
1 Year,JAZIRA TAKAFUL,,12.91,13.12,10.01,10.05,-2.86,-22.15,"30,366,318","1,396,203.12"
1 Year,SADR,,2.96,3.11,2.31,2.32,-0.64,-21.62,"407,355,326","1,337,232.15"
1 Year,TADCO,,53.20,56.17,29.7,41.72,-11.48,-21.58,"27,278,155","31,008,417.26"
1 Year,ACWA,,212.00,252.6,149.4,167.4,-44.6,-21.04,"123,536,597","35,689,947.30"
1 Year,SPORT CLUBS,,10.11,11.45,6.33,8,-2.11,-20.87,"646,748,263","4,216,346.04"
1 Year,NORTHERN CEMENT,,8.22,8.28,6.31,6.52,-1.7,-20.68,"51,597,692","694,752.47"
1 Year,UCIC,,31.00,31.94,23,24.6,-6.4,-20.65,"44,249,509","2,151,937.17"
1 Year,SAPTCO,,13.29,13.8,8,10.59,-2.7,-20.32,"177,312,179","4,483,528.79"
1 Year,BATIC,,2.27,2.4,1.81,1.81,-0.46,-20.26,"1,809,822,444","4,870,436.26"
1 Year,RIYADH CABLES,,126.60,143.8,99,101,-25.6,-20.22,"51,115,771","12,192,956.15"
1 Year,BAAN,,2.29,2.38,1.64,1.83,-0.46,-20.09,"1,034,080,949","2,781,786.07"
1 Year,JAMJOOM PHARMA,,156.90,165.3,125,126.2,-30.7,-19.57,"15,305,141","5,192,880.50"
1 Year,ALISTITHMAR REIT,,8.25,8.5,6.57,6.65,-1.6,-19.39,"17,807,671","36,936.31"
1 Year,SOLUTIONS,,257.00,263.2,170.1,209,-48,-18.68,"36,551,786","18,336,341.50"
1 Year,AMANA INSURANCE,,8.06,8.8,5,6.56,-1.5,-18.61,"117,018,101","11,739,288.16"
1 Year,SAUDI KAYAN,,6.01,6.41,4.5,4.9,-1.11,-18.47,"1,696,579,527","8,945,700.36"
1 Year,BAAZEEM,,6.30,7.1,4.9,5.14,-1.16,-18.41,"127,475,324","517,200.34"
1 Year,BINDAWOOD,,5.65,5.92,4.1,4.62,-1.03,-18.23,"204,539,692","2,553,578.07"
1 Year,ALBILAD,,29.10,30.16,23.72,23.81,-5.29,-18.18,"401,298,550","46,827,798.31"
1 Year,NCLE,,159.00,183,105.8,130.5,-28.5,-17.92,"7,180,014","2,020,247.10"
1 Year,ALRAJHI TAKAFUL,,61.45,62.45,33.75,50.45,-11,-17.90,"131,993,117","16,891,227.15"
1 Year,MOUWASAT,,74.70,79.75,58.65,61.45,-13.25,-17.74,"108,834,101","13,338,305.90"
1 Year,BCI,,28.08,29.16,22.56,23.14,-4.94,-17.59,"8,890,294","609,479.96"
1 Year,CHERRY,,26.40,31.68,21,21.79,-4.61,-17.46,"100,245,507","1,603,618.19"
1 Year,EPCCO,,27.34,27.6,21.95,22.64,-4.7,-17.19,"33,096,302","2,842,189.45"
1 Year,RIYAD REIT,,5.36,5.46,4.41,4.44,-0.92,-17.16,"26,367,792","230,842.12"
1 Year,SARCO,,62.00,63.45,43.68,51.4,-10.6,-17.10,"37,720,905","6,996,673.70"
1 Year,WATANIYA,,16.40,16.8,11.09,13.6,-2.8,-17.07,"74,544,349","1,049,769.64"
1 Year,YCC,,17.12,17.21,13.87,14.36,-2.76,-16.12,"104,713,178","8,306,152.47"
1 Year,MEFIC REIT,,3.78,3.83,3.14,3.18,-0.6,-15.87,"30,374,278","134,400.95"
1 Year,DBS,,12.50,14.32,9.95,10.52,-1.98,-15.84,"348,784,043","4,318,074.89"
1 Year,FAKEEH CARE,,41.32,42.84,27.2,34.86,-6.46,-15.63,"41,858,709","1,300,120.68"
1 Year,SULAIMAN ALHABIB,,268.00,281.2,210.1,226.5,-41.5,-15.49,"44,839,898","38,663,617.50"
1 Year,TAIBA,,21.64,22.66,15.84,18.33,-3.31,-15.30,"65,135,720","2,116,509.70"
1 Year,ALMARAI,,51.15,51.65,38.18,43.5,-7.65,-14.96,"190,526,169","26,226,747.20"
1 Year,ZOUJAJ,,41.14,42.5,34,35.06,-6.08,-14.78,"38,125,347","2,634,197.08"
1 Year,ALWASAIL INDUSTRIAL,,3.40,3.69,2.48,2.9,-0.5,-14.71,"289,702,410","4,874,764.41"
1 Year,ARABIAN SHIELD,,14.00,14.19,9.45,12.01,-1.99,-14.21,"53,598,515","1,674,646.09"
1 Year,AL MAATHER REIT,,9.03,9.31,7.45,7.75,-1.28,-14.17,"11,046,781","2,420,788.49"
1 Year,WALAA,,12.30,13.24,8.73,10.59,-1.71,-13.90,"183,199,262","3,896,402.35"
1 Year,ZAIN KSA,,11.20,12.1,9.77,9.77,-1.43,-12.77,"461,834,340","29,743,801.15"
1 Year,ALASEEL,,3.76,4.07,3.18,3.28,-0.48,-12.77,"194,609,939","897,898.09"
1 Year,AVALON PHARMA,,72.05,79.08,53.88,63.15,-8.9,-12.35,"25,192,873","3,619,928.15"
1 Year,ALINMA HOSPITALITY REIT,,8.22,8.45,7.21,7.24,-0.98,-11.92,"67,734,363","919,867.66"
1 Year,ALRAMZ,,60.00,69.75,49.04,52.95,-7.05,-11.75,"27,915,993","4,780,798.35"
1 Year,MCDC,,87.05,94.6,73,77.3,-9.75,-11.20,"32,499,231","18,065,769.00"
1 Year,ALRAJHI,,71.00,73.4,62,63.3,-7.7,-10.85,"1,369,703,439","679,518,085.55"
1 Year,BJAZ,,12.90,13.2,10.81,11.52,-1.38,-10.70,"802,600,604","39,169,566.13"
1 Year,ACC,,22.10,24.39,19.53,19.76,-2.34,-10.59,"36,040,358","3,782,524.26"
1 Year,BUPA ARABIA,,165.30,200,131.4,147.8,-17.5,-10.59,"42,815,496","27,481,743.30"
1 Year,JADWA REIT ALHARAMAIN,,5.24,5.27,4.62,4.69,-0.55,-10.50,"13,042,079","36,911.28"
1 Year,ASTRA INDUSTRIAL,,138.50,156.8,120.3,124,-14.5,-10.47,"22,113,544","10,669,109.60"
1 Year,YANSAB,,34.98,38.44,24,31.32,-3.66,-10.46,"199,886,497","17,767,877.64"
1 Year,ALSAIF GALLERY,,6.75,7.16,5.98,6.06,-0.69,-10.22,"65,991,393","651,806.14"
1 Year,SMASCO,,6.06,6.61,4.89,5.45,-0.61,-10.07,"486,889,787","9,198,324.43"
1 Year,MEDGULF,,17.20,17.9,11.04,15.47,-1.73,-10.06,"225,985,013","2,763,101.13"
1 Year,ARABIAN MILLS,,41.88,50,35.6,37.7,-4.18,-9.98,"26,283,077","6,854,674.68"
1 Year,ANB,,25.10,26.26,19.6,22.8,-2.3,-9.16,"348,518,486","35,264,911.07"
1 Year,JABAL OMAR,,19.24,19.85,13.88,17.5,-1.74,-9.04,"924,922,228","40,462,816.31"
1 Year,ALAHLI REIT 1,,6.60,7.13,5.8,6.04,-0.56,-8.48,"17,072,961","464,867.34"
1 Year,SAL,,184.20,186,148.2,169,-15.2,-8.25,"45,448,501","10,415,007.90"
1 Year,BURUJ,,17.40,17.56,15.74,16.01,-1.39,-7.99,"790,153","1,872,712.11"
1 Year,ALYAMAMAH STEEL,,36.26,43.5,29.18,33.42,-2.84,-7.83,"84,679,247","5,202,104.72"
1 Year,METLIFE AIG ANB,,15.50,16.56,14.02,14.3,-1.2,-7.74,"2,247,629","17,571,429.72"
1 Year,MULKIA REIT,,4.79,4.92,4.3,4.42,-0.37,-7.72,"16,275,468","151,893.43"
1 Year,ALMUNAJEM,,60.55,67.15,47,55.95,-4.6,-7.60,"40,520,220","2,446,405.75"
1 Year,MAADEN,,65.60,79.9,54.9,60.65,-4.95,-7.55,"455,764,396","59,537,433.35"
1 Year,Al RAJHI REIT,,8.32,8.4,7.7,7.73,-0.59,-7.09,"50,737,234","1,843,875.07"
1 Year,ALAKARIA,,15.98,18.42,12.3,14.91,-1.07,-6.70,"228,203,500","4,669,151.72"
1 Year,FIRST MILLS,,53.20,57.1,45.1,49.64,-3.56,-6.69,"14,362,692","3,102,940.67"
1 Year,DERAYAH REIT,,5.60,5.75,4.97,5.25,-0.35,-6.25,"28,227,253","45,270.10"
1 Year,ALDREES,,125.10,154.1,105.3,117.3,-7.8,-6.24,"78,599,213","19,681,331.20"
1 Year,OASIS,,2.60,3.13,2.09,2.44,-0.16,-6.15,"345,891,416","3,806,132.70"
1 Year,GULF UNION ALAHLIA,,13.97,15.34,9,13.13,-0.84,-6.01,"32,497,977","337,676.47"
1 Year,DAR ALARKAN,,19.85,21.4,14.58,18.77,-1.08,-5.44,"237,704,426","16,342,398.33"
1 Year,ALMAJED OUD,,121.90,172.3,111.1,115.9,-6,-4.92,"16,964,481","9,303,668.50"
1 Year,SEDCO CAPITAL REIT,,7.03,8.15,6.14,6.69,-0.34,-4.84,"52,582,697","1,840,219.92"
1 Year,GAS,,16.24,18.29,12.02,15.46,-0.78,-4.80,"78,834,439","5,395,170.46"
1 Year,LIVA,,13.34,16.4,9.37,12.71,-0.63,-4.72,"55,336,482","2,085,985.30"
1 Year,ALBABTAIN,,56.90,74.6,52.5,54.25,-2.65,-4.66,"104,565,083","13,510,411.10"
1 Year,ALKHABEER REIT,,5.78,5.9,5.47,5.52,-0.26,-4.50,"29,439,266","810,784.29"
1 Year,RIBL,,21.02,22.42,18.98,20.15,-0.87,-4.14,"699,957,613","57,635,521.99"
1 Year,ETIHAD ETISALAT,,67.35,71.6,58,64.6,-2.75,-4.08,"217,633,616","105,798,795.70"
1 Year,ALMAWARID,,92.70,112.2,73,89.75,-2.95,-3.18,"28,770,516","7,550,967.70"
1 Year,AMAK,,73.05,117.5,67,70.8,-2.25,-3.08,"103,118,873","23,532,029.85"
1 Year,STC,,44.00,45.38,40.2,42.74,-1.26,-2.86,"656,777,470","107,757,926.42"
1 Year,TAWUNIYA,,89.32,107.71,74.52,87,-2.32,-2.60,"115,151,822","47,463,702.95"
1 Year,FIPCO,,35.80,37,24.1,34.94,-0.86,-2.40,"13,915,965","1,991,135.74"
1 Year,SPM,,58.90,70.55,47,57.6,-1.3,-2.21,"36,422,377","3,746,990.75"
1 Year,FOURTH MILLING,,3.82,4.42,3.45,3.75,-0.07,-1.83,"293,220,438","699,622.52"
1 Year,SAVOLA GROUP,,24.70,30.3,20.45,24.3,-0.4,-1.62,"203,244,801","19,875,411.47"
1 Year,SABIC AGRI-NUTRIENTS,,118.90,159.3,108.3,117.3,-1.6,-1.35,"153,201,276","68,443,837.00"
1 Year,CHEMICAL,,7.37,8.98,6.07,7.32,-0.05,-0.68,"1,585,136,037","19,539,989.80"
1 Year,ALINMA RETAIL REIT,,4.55,5.01,4.32,4.53,-0.02,-0.44,"73,533,141","442,786.90"
1 Year,AZM,,28.30,28.92,20.16,28.18,-0.12,-0.42,"34,499,801","5,301,724.48"
9 Months,PETRO RABIGH,,6.91,18.77,6.36,17.2,10.29,148.91,"1,252,835,631","62,410,969.84"
9 Months,KEC,,11.80,23.22,11.03,22.4,10.6,89.83,"92,125,731","81,440,803.32"
9 Months,MIS,,173.00,338,139.5,295,122,70.52,"15,065,189","20,039,273.00"
9 Months,KINGDOM,,7.96,15.94,7.72,13.46,5.5,69.10,"232,510,078","10,646,754.08"
9 Months,MESC,,21.73,36.7,18.21,32.24,10.51,48.37,"82,674,394","9,076,259.48"
9 Months,ENAYA,,7.16,12.42,6.54,10.48,3.32,46.37,"113,845,149","11,081,924.40"
9 Months,SSP,,37.74,60.7,35.8,52.75,15.01,39.77,"61,349,395","13,990,552.55"
9 Months,AMERICANA,,1.73,2.52,1.63,2.41,0.68,39.31,"4,876,294,465","22,775,737.09"
9 Months,GIG,,22.00,34.74,21.36,30.48,8.48,38.55,"26,847,760","925,588.86"
9 Months,APC,,3.79,6.33,3.38,5.22,1.43,37.73,"1,330,578,459","19,754,873.10"
9 Months,LUBEREF,,95.90,143,85.1,127.7,31.8,33.16,"66,635,765","42,444,154.80"
9 Months,SAUDI CABLE,,140.60,190.6,137,181.9,41.3,29.37,"7,587,123","532,521.90"
9 Months,MEDGULF,,12.22,17.9,11.5,15.47,3.25,26.60,"174,861,651","2,763,101.13"
9 Months,EAST PIPES,,137.90,231.1,126.2,174.5,36.6,26.54,"51,263,240","50,737,339.30"
9 Months,ALRAJHI TAKAFUL,,40.30,61.95,33.75,50.45,10.15,25.19,"106,946,113","16,891,227.15"
9 Months,EIC,,11.20,19.9,10.53,13.86,2.66,23.75,"691,120,170","73,757,949.69"
9 Months,JARIR,,12.88,18.38,12.69,15.93,3.05,23.68,"390,448,908","41,454,921.86"
9 Months,GULF UNION ALAHLIA,,10.63,15.34,9,13.13,2.5,23.52,"26,938,535","337,676.47"
9 Months,BAHRI,,29.06,39.48,24.04,35.38,6.32,21.75,"274,741,398","50,531,609.22"
9 Months,SISCO HOLDING,,31.20,40.82,25.3,37.7,6.5,20.83,"82,184,882","10,743,309.26"
9 Months,BSF,,17.05,22.5,16.45,20.47,3.42,20.06,"392,596,430","49,907,595.07"
9 Months,GAS,,12.94,18.29,12.02,15.46,2.52,19.47,"59,983,714","5,395,170.46"
9 Months,DAR ALARKAN,,15.80,21.4,15.15,18.77,2.97,18.80,"164,373,068","16,342,398.33"
9 Months,TAPRCO,,16.28,22.25,13.9,19.33,3.05,18.73,"39,800,355","1,258,365.86"
9 Months,ALINMA,,20.51,26,20.04,24.32,3.81,18.58,"1,041,073,941","76,230,898.83"
9 Months,SPIMACO,,26.16,33.32,24.96,30.98,4.82,18.43,"120,954,279","6,555,669.30"
9 Months,AZM,,23.82,28.92,20.16,28.18,4.36,18.30,"22,932,342","5,301,724.48"
9 Months,JABAL OMAR,,14.82,19.1,13.88,17.5,2.68,18.08,"701,280,744","40,462,816.31"
9 Months,SIDC,,12.00,17.95,9.16,13.98,1.98,16.50,"93,629,116","12,109,939.93"
9 Months,ARMAH,,57.10,74.75,50.55,66.45,9.35,16.37,"8,979,193","33,210,015.40"
9 Months,ALAKARIA,,12.90,18.42,12.31,14.91,2.01,15.58,"158,993,360","4,669,151.72"
9 Months,RASAN,,116.90,159.6,112.5,135,18.1,15.48,"81,339,007","44,758,592.80"
9 Months,FIPCO,,30.50,37,24.1,34.94,4.44,14.56,"11,351,907","1,991,135.74"
9 Months,LIVA,,11.17,16.4,9.37,12.71,1.54,13.79,"49,032,318","2,085,985.30"
9 Months,CHEMICAL,,6.53,8.98,6.37,7.32,0.79,12.10,"1,171,275,165","19,539,989.80"
9 Months,YANSAB,,28.00,38.44,24,31.32,3.32,11.86,"176,710,305","17,767,877.64"
9 Months,RAOOM,,65.35,85.25,52,72.65,7.3,11.17,"15,155,017","3,131,972.30"
9 Months,TAWUNIYA,,78.79,107.71,74.52,87,8.21,10.42,"88,096,111","47,463,702.95"
9 Months,SAVOLA GROUP,,22.06,30.3,20.45,24.3,2.24,10.15,"155,676,586","19,875,411.47"
9 Months,SAIB,,13.20,14.98,12.26,14.54,1.34,10.15,"102,495,567","9,993,497.48"
9 Months,SAUDI ENERGY,,14.25,18.48,13,15.6,1.35,9.47,"297,033,814","17,004,354.51"
9 Months,OASIS,,2.23,3.13,2.16,2.44,0.21,9.42,"310,199,151","3,806,132.70"
9 Months,ALMUNAJEM,,51.15,67.15,47,55.95,4.8,9.38,"33,308,379","2,446,405.75"
9 Months,MARAFIQ,,37.18,46.18,28.42,40.5,3.32,8.93,"129,306,066","6,199,380.50"
9 Months,AMANA INSURANCE,,6.07,8.8,5,6.56,0.49,8.07,"104,516,279","11,739,288.16"
9 Months,TAIBA,,16.97,22.66,15.84,18.33,1.36,8.01,"46,238,013","2,116,509.70"
9 Months,ARABIAN SHIELD,,11.13,12.9,9.45,12.01,0.88,7.91,"44,912,257","1,674,646.09"
9 Months,SAPTCO,,9.83,12.98,8,10.59,0.76,7.73,"143,770,441","4,483,528.79"
9 Months,TADCO,,39.07,56.17,29.7,41.72,2.65,6.78,"25,781,236","31,008,417.26"
9 Months,TECO,,11.16,18.08,10.9,11.82,0.66,5.91,"121,184,473","1,088,955.73"
9 Months,SABIC AGRI-NUTRIENTS,,111.00,159.3,108.3,117.3,6.3,5.68,"123,658,774","68,443,837.00"
9 Months,FOURTH MILLING,,3.55,4.42,3.45,3.75,0.2,5.63,"227,926,002","699,622.52"
9 Months,SAUDI ARAMCO,,23.88,27.96,23.29,25.22,1.34,5.61,"2,161,722,444","307,876,680.30"
9 Months,ANB,,21.59,23.5,19.6,22.8,1.21,5.60,"270,248,608","35,264,911.07"
9 Months,Sahara,,16.60,17.48,16.3,17.46,0.86,5.18,"8,347,353","67,130,506.54"
9 Months,WATANIYA,,12.95,15.58,11.09,13.6,0.65,5.02,"60,517,466","1,049,769.64"
9 Months,BUPA ARABIA,,141.00,200,131.4,147.8,6.8,4.82,"30,010,245","27,481,743.30"
9 Months,SNB,,38.06,45.24,37.18,39.82,1.76,4.62,"844,973,131","188,946,064.34"
9 Months,NAQI,,57.35,64.8,50.05,60,2.65,4.62,"9,149,532","3,326,888.50"
9 Months,SAL,,161.90,186,148.2,169,7.1,4.39,"35,204,592","10,415,007.90"
9 Months,ALYAMAMAH STEEL,,32.40,43.5,31.72,33.42,1.02,3.15,"65,850,552","5,202,104.72"
9 Months,SAUDI KAYAN,,4.77,6.2,4.5,4.9,0.13,2.73,"1,328,594,038","8,945,700.36"
9 Months,AL AZIZIAH REIT,,4.06,5.56,3.9,4.17,0.11,2.71,"21,670,830","175,998.66"
9 Months,QACCO,,42.30,46.48,41.16,43.28,0.98,2.32,"26,317,201","5,136,297.80"
9 Months,SAB,,32.58,37.92,31.14,33.32,0.74,2.27,"330,196,285","43,624,284.44"
9 Months,WALAA,,10.36,11.98,8.73,10.59,0.23,2.22,"106,890,951","3,896,402.35"
9 Months,BJAZ,,11.33,12.77,10.9,11.52,0.19,1.68,"601,106,593","39,169,566.13"
9 Months,BAAN,,1.80,2.25,1.64,1.83,0.03,1.67,"883,500,249","2,781,786.07"
9 Months,ANAAM HOLDING,,11.56,13.37,9.31,11.75,0.19,1.64,"86,325,837","2,978,134.31"
9 Months,BONYAN REIT,,9.30,10.24,9.05,9.44,0.14,1.51,"19,385,791","1,404,334.72"
9 Months,SMASCO,,5.37,6.61,4.89,5.45,0.08,1.49,"379,142,726","9,198,324.43"
9 Months,FAKEEH CARE,,34.40,40,27.2,34.86,0.46,1.34,"27,312,476","1,300,120.68"
9 Months,FIRST MILLS,,49.00,57.1,45.1,49.64,0.64,1.31,"11,090,716","3,102,940.67"
9 Months,SARCO,,50.85,61.95,43.68,51.4,0.55,1.08,"34,518,124","6,996,673.70"
9 Months,ALSAGR INSURANCE,,9.90,12.7,8.56,9.91,0.01,0.10,"51,622,492","802,246.39"
9 Months,SABB TAKAFUL,,11.50,11.98,11.5,11.5,0,0.00,"539,556","6,349,103.58"
9 Months,SAMBA,,38.50,39.1,37.8,38.5,0,0.00,"8,954,421","343,828,273.55"
9 Months,ATC,,34.00,34.35,33.8,34,0,0.00,"263,305","8,968,049.20"
9 Months,MMG,,12.55,12.9,11.8,12.55,0,0.00,"5,310,626","66,213,259.00"
9 Months,METLIFE AIG ANB,,14.30,15.4,14.02,14.3,0,0.00,"1,191,763","17,571,429.72"
9 Months,ALAHLIA,,14.76,15.02,14.5,14.76,0,0.00,"1,119,353","16,457,121.40"
9 Months,Weqaya Takaful,,19.39,19.75,19.15,19.39,0,0.00,"1,694,478","32,930,031.50"
9 Months,PETROCHEM,,45.45,46,45.4,45.45,0,0.00,"102,240","4,661,416.70"
9 Months,BURUJ,,16.01,16.47,15.92,16.01,0,0.00,"116,422","1,872,712.11"
9 Months,SOLIDARITY,,14.20,14.52,14.16,14.2,0,0.00,"636,038","9,053,258.36"
9 Months,ALKHODARI,,5.39,5.76,5.18,5.39,0,0.00,"4,609,164","25,244,810.49"
9 Months,Bishah Agriculture,,69.75,81,69.75,69.75,0,0.00,"4,570,725","339,704,400.75"
9 Months,DUR,,27.00,27.1,26.4,27,0,0.00,"162,456","4,338,476.30"
9 Months,HCC,,11.60,11.7,11.54,11.6,0,0.00,"1,029,618","11,976,960.50"
9 Months,ALINMA TOKIO M,,12.80,12.84,12.06,12.8,0,0.00,"765,899","9,519,564.54"
9 Months,SANAD,,15.23,17.75,14.75,15.23,0,0.00,"1,572,218","25,722,117.10"
9 Months,ALAWWAL,,19.58,19.58,19,19.58,0,0.00,"1,587,561","30,693,634.94"
9 Months,WAFA INSURANCE,,9.50,10,9.3,9.5,0,0.00,"915,571","8,767,344.86"
9 Months,ALARABIA,,116.00,131.6,46.22,46.3,-69.7,-60.09,"28,507,915","13,348,981.74"
9 Months,SRMG,,126.00,129,52.65,54,-72,-57.14,"35,280,247","12,756,211.85"
9 Months,LUMI,,51.25,51.3,24.4,24.48,-26.77,-52.23,"37,979,635","5,572,748.10"
9 Months,THEEB,,38.18,38.84,18.86,19.33,-18.85,-49.37,"116,153,940","9,934,593.94"
9 Months,TASHEEL,,52.41,53.51,26.68,26.7,-25.71,-49.06,"62,538,773","2,648,050.68"
9 Months,MIAHONA,,18.90,19.14,9.65,9.73,-9.17,-48.52,"164,355,372","10,951,892.85"
9 Months,NASEEJ,,21.85,23.79,11.69,11.71,-10.14,-46.41,"136,022,109","18,493,898.21"
9 Months,ALKATHIRI,,1.84,2.26,1.03,1.06,-0.78,-42.39,"774,309,875","5,151,204.12"
9 Months,NICE ONE,,18.10,18.55,10.41,10.44,-7.66,-42.32,"158,466,449","2,579,372.38"
9 Months,SHAKER,,17.70,19.5,10.26,10.28,-7.42,-41.92,"115,858,638","2,598,007.02"
9 Months,ALMAJDIAH,,9.99,10.21,5.7,5.83,-4.16,-41.64,"176,228,332","3,940,862.64"
9 Months,RED SEA,,34.00,34.3,19.3,20,-14,-41.18,"167,454,880","12,812,523.31"
9 Months,BUDGET SAUDI,,46.32,47.63,26.72,27.54,-18.78,-40.54,"91,323,728","12,480,780.56"
9 Months,ALKHALEEJ TRNG,,20.45,21.43,12.16,12.18,-8.27,-40.44,"52,284,182","645,599.12"
9 Months,MBC GROUP,,31.70,34,18.1,19.03,-12.67,-39.97,"43,663,509","1,211,223.19"
9 Months,SGS,,36.52,38.3,20.73,22.25,-14.27,-39.07,"95,027,641","10,616,939.74"
9 Months,TAKWEEN,,6.17,6.64,3.71,3.85,-2.32,-37.60,"73,645,042","916,135.17"
9 Months,GASCO HOLDING,,93.10,95.75,58.3,58.35,-34.75,-37.33,"28,019,083","16,717,858.10"
9 Months,SENAAT,,38.96,43.96,24.45,24.54,-14.42,-37.01,"95,496,874","14,248,893.26"
9 Months,AYYAN,,12.90,13.06,8,8.22,-4.68,-36.28,"70,661,180","2,747,255.65"
9 Months,ATAA,,59.00,59.95,37.76,37.76,-21.24,-36.00,"14,448,496","3,365,537.02"
9 Months,NOFOTH,,9.50,10.69,5.77,6.1,-3.4,-35.79,"36,160,702","1,614,397.38"
9 Months,CGS,,9.69,10.95,6.11,6.32,-3.37,-34.78,"156,481,909","1,265,986.84"
9 Months,ABO MOATI,,48.98,52.4,31.96,32.2,-16.78,-34.26,"73,879,316","10,811,336.02"
9 Months,FLYNAS,,65.50,65.85,41.16,43.12,-22.38,-34.17,"97,145,292","7,550,224.84"
9 Months,RAYDAN,,24.03,24.34,13,16.01,-8.02,-33.37,"22,741,848","3,402,901.61"
9 Months,ENTAJ,,32.00,32.4,19.96,21.4,-10.6,-33.13,"39,385,243","3,022,468.65"
9 Months,2P,,7.95,8.16,5.33,5.33,-2.62,-32.96,"128,360,611","3,554,110.81"
9 Months,SACO,,26.04,27.32,17.02,17.46,-8.58,-32.95,"19,248,414","419,670.89"
9 Months,ALMOOSA,,174.30,177,110,117.8,-56.5,-32.42,"6,688,475","12,807,611.90"
9 Months,BAWAN,,51.00,51.05,32.98,34.7,-16.3,-31.96,"50,852,356","5,441,948.88"
9 Months,AWPT,,133.50,135.7,90.7,91.15,-42.35,-31.72,"19,984,038","11,560,907.65"
9 Months,A.OTHAIM MARKET,,6.15,6.93,4.2,4.2,-1.95,-31.71,"247,660,438","5,159,366.90"
9 Months,EXTRA,,84.90,89.45,58.55,58.8,-26.1,-30.74,"42,941,220","41,004,254.00"
9 Months,BURGERIZZR,,9.19,10.46,6.29,6.37,-2.82,-30.69,"97,576,644","908,139.23"
9 Months,BUILD STATION,,54.60,59.95,36.68,38,-16.6,-30.40,"17,236,402","1,089,670.64"
9 Months,GACO,,16.50,16.75,11.41,11.52,-4.98,-30.18,"20,062,217","886,010.04"
9 Months,LEEJAM SPORTS,,102.00,104.5,69.65,71.3,-30.7,-30.10,"23,342,760","6,586,545.90"
9 Months,MEPCO,,22.03,22.07,15.49,15.53,-6.5,-29.51,"138,224,179","15,084,753.47"
9 Months,ALDAWAA,,50.70,53.95,36.08,36.08,-14.62,-28.84,"26,737,789","2,003,970.48"
9 Months,SASCO,,56.25,58.15,37.2,40.2,-16.05,-28.53,"56,483,687","2,655,037.44"
9 Months,AMIANTIT,,16.20,16.85,11.5,11.61,-4.59,-28.33,"79,163,212","3,345,727.45"
9 Months,ARDCO,,23.00,23.5,15.25,16.51,-6.49,-28.22,"56,987,868","6,196,294.40"
9 Months,DWF,,112.80,113.9,80,81,-31.8,-28.19,"6,533,880","2,357,747.65"
9 Months,RETAL,,11.80,15.4,8.5,8.5,-3.3,-27.97,"225,194,021","21,524,641.42"
9 Months,NADEC,,18.73,20.24,13.51,13.52,-5.21,-27.82,"152,849,835","5,532,987.79"
9 Months,CARE,,143.10,162.4,94.9,103.3,-39.8,-27.81,"27,157,645","20,823,320.50"
9 Months,SUMOU,,33.00,34.18,23.75,23.85,-9.15,-27.73,"20,500,139","979,182.98"
9 Months,DALLAH HEALTH,,104.31,117.23,72.8,75.45,-28.86,-27.67,"27,069,721","10,870,888.05"
9 Months,ADVANCED,,29.54,29.7,21.4,21.42,-8.12,-27.49,"195,481,729","4,442,773.76"
9 Months,ALOMRAN,,25.18,26.5,18.12,18.28,-6.9,-27.40,"10,411,254","234,034.83"
9 Months,DERAYAH,,26.30,27.96,19.02,19.25,-7.05,-26.81,"89,446,294","30,202,012.78"
9 Months,FARM SUPERSTORES,,14.17,14.59,10.43,10.43,-3.74,-26.39,"10,341,832","415,625.90"
9 Months,LADUN,,2.43,2.75,1.62,1.79,-0.64,-26.34,"167,958,489","19,168,744.52"
9 Months,MAADANIYAH,,13.76,14.8,10.15,10.21,-3.55,-25.80,"27,795,761","902,186.89"
9 Months,TCC,,9.16,9.27,6.81,6.82,-2.34,-25.55,"25,240,514","1,236,208.31"
9 Months,CATRION,,81.90,84.5,60.2,61,-20.9,-25.52,"38,894,759","11,743,262.80"
9 Months,SADAFCO,,246.80,248.4,183.9,183.9,-62.9,-25.49,"6,037,892","3,661,965.30"
9 Months,JOUF CEMENT,,6.34,6.55,4.68,4.73,-1.61,-25.39,"45,807,530","417,117.44"
9 Months,AMLAK,,11.15,11.8,8.21,8.32,-2.83,-25.38,"54,773,462","2,544,341.63"
9 Months,ELM,,755.00,807.5,504.5,565.5,-189.5,-25.10,"22,638,613","45,877,477.50"
9 Months,SHL,,17.37,17.8,13.01,13.07,-4.3,-24.76,"17,146,818","217,818.22"
9 Months,NGC,,15.50,16.75,11.54,11.69,-3.81,-24.58,"19,537,689","1,060,590.17"
9 Months,SEERA,,26.66,27.32,19.05,20.14,-6.52,-24.46,"132,821,187","14,353,057.72"
9 Months,ALANDALUS,,18.27,18.37,13.52,13.82,-4.45,-24.36,"10,416,459","756,392.66"
9 Months,SALEH ALRASHED,,51.50,72.15,36.6,39,-12.5,-24.27,"70,810,737","2,953,944.68"
9 Months,SAUDI CEMENT,,34.58,36.5,26.28,26.36,-8.22,-23.77,"28,591,042","5,822,724.58"
9 Months,FITAIHI GROUP,,2.82,3.04,2.16,2.16,-0.66,-23.40,"228,020,859","870,763.36"
9 Months,CENOMI RETAIL,,19.15,20.05,11.88,14.7,-4.45,-23.24,"269,748,748","6,795,504.73"
9 Months,CHUBB,,20.84,25.3,15.7,16.1,-4.74,-22.74,"70,944,719","1,587,983.70"
9 Months,BAAZEEM,,6.65,6.95,4.9,5.14,-1.51,-22.71,"90,618,820","517,200.34"
9 Months,SIPCHEM,,15.20,16.8,11.78,11.78,-3.42,-22.50,"360,793,088","19,520,387.78"
9 Months,RIYADH CABLES,,129.90,134.7,99,101,-28.9,-22.25,"36,304,422","12,192,956.15"
9 Months,CMCER,,6.17,6.9,4.75,4.8,-1.37,-22.20,"147,579,104","1,689,813.79"
9 Months,NAMA CHEMICALS,,23.99,24.53,18.56,18.74,-5.25,-21.88,"6,637,571","2,170,549.40"
9 Months,JADWA REIT SAUDI,,11.11,11.7,8.69,8.7,-2.41,-21.69,"55,211,287","3,568,552.29"
9 Months,MUSHARAKA REIT,,4.13,4.44,3.16,3.24,-0.89,-21.55,"16,140,307","71,431.00"
9 Months,SPCC,,22.44,24,17.6,17.61,-4.83,-21.52,"13,349,084","710,077.87"
9 Months,NAYIFAT,,12.21,12.65,9.23,9.59,-2.62,-21.46,"34,705,846","806,744.94"
9 Months,SAUDI CERAMICS,,27.60,31.46,21.67,21.68,-5.92,-21.45,"47,693,265","3,687,889.67"
9 Months,ARAB SEA,,4.16,4.48,3.2,3.27,-0.89,-21.39,"140,794,128","3,440,784.61"
9 Months,TAMKEEN,,54.85,56.5,42.76,43.18,-11.67,-21.28,"14,435,793","1,099,053.94"
9 Months,ALHAMMADI,,28.30,28.96,22.29,22.3,-6,-21.20,"54,258,462","5,966,243.11"
9 Months,CITY CEMENT,,12.73,13.86,9.99,10.07,-2.66,-20.90,"101,656,767","1,839,383.08"
9 Months,AMAK,,89.35,117.5,67,70.8,-18.55,-20.76,"78,986,342","23,532,029.85"
9 Months,JAHEZ,,14.68,15,10.72,11.67,-3.01,-20.50,"325,158,066","2,820,198.89"
9 Months,ALETIHAD,,8.13,9.04,5.68,6.47,-1.66,-20.42,"97,438,812","4,431,607.08"
9 Months,MAHARAH,,5.10,5.57,4.06,4.06,-1.04,-20.39,"783,118,088","9,329,149.42"
9 Months,SALAMA,,9.18,10.31,6.55,7.36,-1.82,-19.83,"43,798,323","4,345,994.26"
9 Months,CENOMI CENTERS,,17.57,18.3,13.74,14.1,-3.47,-19.75,"135,743,005","16,251,487.86"
9 Months,SFICO,,59.35,86.3,38.16,47.7,-11.65,-19.63,"80,461,062","38,043,126.40"
9 Months,NAJRAN CEMENT,,6.45,6.84,5.21,5.22,-1.23,-19.07,"64,391,709","1,667,412.42"
9 Months,EQUIPMENT HOUSE,,32.34,34.2,26,26.32,-6.02,-18.61,"11,307,833","589,643.80"
9 Months,SPPC,,8.44,9.73,6.19,6.92,-1.52,-18.01,"134,715,206","3,056,342.53"
9 Months,ALJOUF,,43.94,53.9,36.02,36.1,-7.84,-17.84,"18,035,928","1,926,894.60"
9 Months,BANAN,,3.69,4.06,2.85,3.04,-0.65,-17.62,"55,101,674","1,202,369.62"
9 Months,SAIC,,17.45,18.15,13.5,14.4,-3.05,-17.48,"52,768,670","2,198,005.85"
9 Months,MRNA,,9.68,10.34,7.29,7.99,-1.69,-17.46,"17,294,359","153,205.21"
9 Months,TADAWUL GROUP,,140.80,165.4,115.5,116.4,-24.4,-17.33,"73,186,840","49,823,029.60"
9 Months,SMC HEALTHCARE,,18.02,21.49,14,14.9,-3.12,-17.31,"91,519,261","2,715,281.55"
9 Months,CHEMANOL,,33.36,42.26,26.04,27.62,-5.74,-17.21,"21,576,935","9,122,271.28"
9 Months,THIMAR,,38.02,43.5,28.9,31.52,-6.5,-17.10,"35,732,040","1,809,175.56"
9 Months,ALBABTAIN,,64.65,74.6,52.5,54.25,-10.4,-16.09,"81,126,263","13,510,411.10"
9 Months,SVCP,,21.09,24.5,15.94,17.74,-3.35,-15.88,"25,821,106","3,981,043.04"
9 Months,DBS,,12.50,14.32,9.95,10.52,-1.98,-15.84,"348,784,043","4,318,074.89"
9 Months,LAZURDE,,11.70,12.4,9.03,9.86,-1.84,-15.73,"30,351,910","3,105,082.18"
9 Months,ACIG,,8.08,9,5.65,6.85,-1.23,-15.22,"101,976,672","2,294,716.53"
9 Months,ASLAK,,19.06,20.62,15.1,16.23,-2.83,-14.85,"13,758,091","416,354.63"
9 Months,TASNEE,,9.15,10.8,7.8,7.8,-1.35,-14.75,"220,803,171","7,016,695.41"
9 Months,ALWASAIL INDUSTRIAL,,3.40,3.69,2.48,2.9,-0.5,-14.71,"289,702,410","4,874,764.41"
9 Months,SAICO,,11.30,12.15,8.3,9.68,-1.62,-14.34,"42,385,475","416,793.48"
9 Months,RIYADH CEMENT,,23.87,25.88,20.18,20.54,-3.33,-13.95,"29,692,174","2,889,134.60"
9 Months,SAUDI GERMAN HEALTH,,32.96,40.54,28.12,28.44,-4.52,-13.71,"118,849,998","8,483,160.48"
9 Months,AICC,,9.34,9.69,7.84,8.09,-1.25,-13.38,"21,969,315","1,523,186.69"
9 Months,HB,,32.34,36.22,27,28.02,-4.32,-13.36,"7,608,784","198,571.32"
9 Months,ALINMA HOSPITALITY REIT,,8.33,8.42,7.21,7.24,-1.09,-13.09,"57,506,988","919,867.66"
9 Months,ALMAJED OUD,,133.30,172.3,111.1,115.9,-17.4,-13.05,"11,550,440","9,303,668.50"
9 Months,AL MAATHER REIT,,8.90,9.31,7.45,7.75,-1.15,-12.92,"8,086,839","2,420,788.49"
9 Months,SAUDI DARB,,2.25,2.5,1.87,1.96,-0.29,-12.89,"972,478,593","3,590,831.66"
9 Months,JAZIRA TAKAFUL,,11.53,13.11,10.01,10.05,-1.48,-12.84,"25,633,029","1,396,203.12"
9 Months,JAZADCO,,8.30,9.15,7.23,7.24,-1.06,-12.77,"23,912,629","943,563.32"
9 Months,JAMJOOM PHARMA,,144.00,163.7,125,126.2,-17.8,-12.36,"11,906,705","5,192,880.50"
9 Months,SULAIMAN ALHABIB,,257.00,268.8,210.1,226.5,-30.5,-11.87,"31,065,741","38,663,617.50"
9 Months,UCA,,3.83,4.29,2.67,3.38,-0.45,-11.75,"116,336,450","2,585,990.17"
9 Months,ASTRA INDUSTRIAL,,140.50,156.8,120.3,124,-16.5,-11.74,"14,555,654","10,669,109.60"
9 Months,UACC,,12.47,14.54,10.99,11.04,-1.43,-11.47,"15,716,752","1,164,306.86"
9 Months,CHERRY,,24.58,31.68,21,21.79,-2.79,-11.35,"60,931,178","1,603,618.19"
9 Months,MODERN MILLS,,28.70,30.4,24.9,25.5,-3.2,-11.15,"19,217,461","3,576,614.06"
9 Months,ALDREES,,132.00,134.2,105.3,117.3,-14.7,-11.14,"57,282,928","19,681,331.20"
9 Months,RIYAD REIT,,4.99,5.27,4.41,4.44,-0.55,-11.02,"18,792,627","230,842.12"
9 Months,SHARQIYAH DEV,,14.06,17.21,11.5,12.53,-1.53,-10.88,"66,230,437","3,964,518.98"
9 Months,SADR,,2.60,2.96,2.31,2.32,-0.28,-10.77,"341,207,264","1,337,232.15"
9 Months,YC,,23.64,28.14,20.99,21.18,-2.46,-10.41,"81,646,993","9,388,603.08"
9 Months,SABIC,,51.40,62.5,46.02,46.06,-5.34,-10.39,"340,235,058","67,655,095.06"
9 Months,BCI,,25.70,26.8,22.56,23.14,-2.56,-9.96,"6,445,049","609,479.96"
9 Months,ALJAZIRA REIT,,11.72,12.2,9.92,10.58,-1.14,-9.73,"8,154,250","141,254.81"
9 Months,MEFIC REIT,,3.52,3.7,3.14,3.18,-0.34,-9.66,"22,231,891","134,400.95"
9 Months,SIIG,,12.47,15.34,11.24,11.27,-1.2,-9.62,"175,639,797","5,626,711.26"
9 Months,NORTHERN CEMENT,,7.21,7.3,6.31,6.52,-0.69,-9.57,"38,204,854","694,752.47"
9 Months,GO TELECOM,,90.60,101.4,80.5,82,-8.6,-9.49,"35,899,258","7,594,858.25"
9 Months,GULF GENERAL,,4.02,4.51,3.55,3.64,-0.38,-9.45,"58,177,710","1,086,387.23"
9 Months,HERFY FOODS,,15.13,17.55,12.9,13.7,-1.43,-9.45,"30,160,730","1,686,146.83"
9 Months,ACC,,21.80,24.39,19.53,19.76,-2.04,-9.36,"28,956,485","3,782,524.26"
9 Months,OGC,,25.46,29.76,21.9,23.12,-2.34,-9.19,"40,724,920","1,824,092.34"
9 Months,BATIC,,1.99,2.36,1.81,1.81,-0.18,-9.05,"1,327,958,664","4,870,436.26"
9 Months,ACWA,,184.00,206.9,149.4,167.4,-16.6,-9.02,"94,402,746","35,689,947.30"
9 Months,NCLE,,143.30,152.4,105.8,130.5,-12.8,-8.93,"5,671,736","2,020,247.10"
9 Months,ARTEX,,10.67,13.3,9.01,9.72,-0.95,-8.90,"29,669,200","341,067.22"
9 Months,ALMAWARID,,98.10,112.2,73,89.75,-8.35,-8.51,"23,001,048","7,550,967.70"
9 Months,MALATH INSURANCE,,9.53,11.2,8.14,8.72,-0.81,-8.50,"40,588,617","778,798.63"
9 Months,MOUWASAT,,67.00,73.95,58.65,61.45,-5.55,-8.28,"74,443,474","13,338,305.90"
9 Months,EMAAR EC,,10.01,12.19,7.96,9.23,-0.78,-7.79,"91,701,708","1,620,841.66"
9 Months,ALISTITHMAR REIT,,7.19,8.27,6.57,6.65,-0.54,-7.51,"12,689,493","36,936.31"
9 Months,TALCO,,35.08,38.08,28,32.48,-2.6,-7.41,"10,982,200","1,168,576.84"
9 Months,SINAD HOLDING,,8.46,9.66,7.55,7.84,-0.62,-7.33,"34,554,592","2,617,299.27"
9 Months,SOLUTIONS,,225.50,240,170.1,209,-16.5,-7.32,"30,086,351","18,336,341.50"
9 Months,WAFRAH,,20.86,25.64,17.22,19.36,-1.5,-7.19,"37,701,541","1,313,838.74"
9 Months,UCIC,,26.50,28.94,23,24.6,-1.9,-7.17,"29,905,867","2,151,937.17"
9 Months,ZAIN KSA,,10.50,12.1,9.77,9.77,-0.73,-6.95,"340,426,535","29,743,801.15"
9 Months,ALAMAR,,41.54,48.8,36.6,38.7,-2.84,-6.84,"18,422,307","1,806,064.96"
9 Months,TANMIAH,,60.05,67.4,44.6,56.1,-3.95,-6.58,"17,480,211","6,756,096.95"
9 Months,SPM,,61.55,70.55,47,57.6,-3.95,-6.42,"27,050,986","3,746,990.75"
9 Months,JADWA REIT ALHARAMAIN,,4.98,5.24,4.62,4.69,-0.29,-5.82,"9,448,448","36,911.28"
9 Months,NAHDI,,96.45,110,89.75,91,-5.45,-5.65,"27,950,934","4,577,386.85"
9 Months,MULKIA REIT,,4.68,4.76,4.3,4.42,-0.26,-5.56,"12,427,108","151,893.43"
9 Months,EPCCO,,23.84,27.56,21.95,22.64,-1.2,-5.03,"23,620,066","2,842,189.45"
9 Months,ALAHLI REIT 1,,6.36,7.13,5.8,6.04,-0.32,-5.03,"13,691,793","464,867.34"
9 Months,MUTAKAMELA,,11.13,14.8,8.2,10.58,-0.55,-4.94,"48,378,051","1,145,087.07"
9 Months,SPORT CLUBS,,8.40,9.3,6.33,8,-0.4,-4.76,"445,578,229","4,216,346.04"
9 Months,ALMASAR ALSHAMIL,,25.18,27.72,20.01,24,-1.18,-4.69,"67,598,326","4,135,427.74"
9 Months,ALBILAD,,24.92,27.62,23.72,23.81,-1.11,-4.45,"321,776,718","46,827,798.31"
9 Months,SIECO,,2.33,2.98,2.12,2.23,-0.1,-4.29,"948,519,799","1,528,371.47"
9 Months,ARABIAN MILLS,,39.28,50,35.6,37.7,-1.58,-4.02,"20,959,949","6,854,674.68"
9 Months,ALUJAIN,,27.44,31.38,20.41,26.46,-0.98,-3.57,"101,043,069","5,763,904.20"
9 Months,ALSAIF GALLERY,,6.28,7.16,5.98,6.06,-0.22,-3.50,"37,661,125","651,806.14"
9 Months,ZOUJAJ,,36.24,39.88,34,35.06,-1.18,-3.26,"28,626,824","2,634,197.08"
9 Months,SAUDI RE,,27.20,31.5,21.1,26.36,-0.84,-3.09,"131,904,639","12,854,561.56"
9 Months,ADES,,17.45,19.94,15.36,16.93,-0.52,-2.98,"318,893,019","30,753,050.65"
9 Months,ALASEEL,,3.38,4.07,3.26,3.28,-0.1,-2.96,"159,566,282","897,898.09"
9 Months,Al RAJHI REIT,,7.96,8.4,7.7,7.73,-0.23,-2.89,"39,566,356","1,843,875.07"
9 Months,MCDC,,79.60,94.6,73,77.3,-2.3,-2.89,"25,161,851","18,065,769.00"
9 Months,ALRAJHI,,65.13,73.4,62,63.3,-1.83,-2.81,"1,074,804,603","679,518,085.55"
9 Months,RIBL,,20.70,22.42,19.37,20.15,-0.55,-2.66,"532,849,494","57,635,521.99"
9 Months,ETIHAD ETISALAT,,66.25,71.6,58,64.6,-1.65,-2.49,"169,355,815","105,798,795.70"
9 Months,AVALON PHARMA,,64.56,68.51,53.88,63.15,-1.41,-2.18,"21,507,091","3,619,928.15"
9 Months,YCC,,14.68,16.81,13.87,14.36,-0.32,-2.18,"78,422,504","8,306,152.47"
9 Months,SEDCO CAPITAL REIT,,6.83,8.15,6.5,6.69,-0.14,-2.05,"38,827,018","1,840,219.92"
9 Months,ALRAMZ,,54.00,69,49.04,52.95,-1.05,-1.94,"22,241,878","4,780,798.35"
9 Months,ALMARAI,,44.30,49.94,38.18,43.5,-0.8,-1.81,"153,680,791","26,226,747.20"
9 Months,TALEEM REIT,,10.23,11,9.4,10.07,-0.16,-1.56,"8,495,561","459,679.20"
9 Months,BINDAWOOD,,4.69,5.47,4.1,4.62,-0.07,-1.49,"151,409,883","2,553,578.07"
9 Months,ALKHABEER REIT,,5.59,5.9,5.47,5.52,-0.07,-1.25,"21,828,335","810,784.29"
9 Months,ALINMA RETAIL REIT,,4.58,5.01,4.32,4.53,-0.05,-1.09,"63,012,551","442,786.90"
9 Months,DERAYAH REIT,,5.28,5.72,4.97,5.25,-0.03,-0.57,"23,429,777","45,270.10"
9 Months,STC,,42.96,45.1,40.2,42.74,-0.22,-0.51,"464,378,684","107,757,926.42"
9 Months,MAADEN,,60.85,79.9,54.9,60.65,-0.2,-0.33,"354,653,721","59,537,433.35"
9 Months,ARABIAN DRILLING,,99.95,107,76.45,99.75,-0.2,-0.20,"30,538,416","44,387,113.95"
9 Months,MASAR,,17.16,19.94,14.54,17.13,-0.03,-0.17,"321,584,759","33,184,077.35"
6 Months,KEC,,11.63,23.22,11.35,22.4,10.77,92.61,"78,349,902","81,440,803.32"
6 Months,MIS,,158.20,338,155.5,295,136.8,86.47,"10,038,093","20,039,273.00"
6 Months,PETRO RABIGH,,10.35,18.77,9.95,17.2,6.85,66.18,"1,004,581,969","62,410,969.84"
6 Months,KINGDOM,,9.93,15.94,9.53,13.46,3.53,35.55,"183,594,870","10,646,754.08"
6 Months,TAPRCO,,14.50,22.25,13.9,19.33,4.83,33.31,"29,929,820","1,258,365.86"
6 Months,MARAFIQ,,31.88,46.18,30.3,40.5,8.62,27.04,"68,650,630","6,199,380.50"
6 Months,AZM,,22.20,28.92,20.16,28.18,5.98,26.94,"15,471,173","5,301,724.48"
6 Months,GULF UNION ALAHLIA,,10.35,15.34,10.04,13.13,2.78,26.86,"21,491,171","337,676.47"
6 Months,AMERICANA,,1.90,2.52,1.83,2.41,0.51,26.84,"2,865,670,411","22,775,737.09"
6 Months,MESC,,25.46,36.7,25.46,32.24,6.78,26.63,"58,720,618","9,076,259.48"
6 Months,GIG,,24.81,34.74,24.08,30.48,5.67,22.85,"19,934,848","925,588.86"
6 Months,LIVA,,10.37,16.4,10,12.71,2.34,22.57,"46,044,182","2,085,985.30"
6 Months,ARABIAN DRILLING,,82.00,101,77.65,99.75,17.75,21.65,"17,902,954","44,387,113.95"
6 Months,SIDC,,11.60,17.95,10.73,13.98,2.38,20.52,"72,355,551","12,109,939.93"
6 Months,ENAYA,,8.71,12.42,8.5,10.48,1.77,20.32,"93,641,635","11,081,924.40"
6 Months,SSP,,44.22,60.7,44.06,52.75,8.53,19.29,"47,850,728","13,990,552.55"
6 Months,FIPCO,,29.54,37,26,34.94,5.4,18.28,"9,054,143","1,991,135.74"
6 Months,LUBEREF,,109.30,143,106.7,127.7,18.4,16.83,"53,266,476","42,444,154.80"
6 Months,ARMAH,,57.10,74.75,50.55,66.45,9.35,16.37,"8,979,193","33,210,015.40"
6 Months,SAUDI CABLE,,156.40,190.6,143.6,181.9,25.5,16.30,"4,901,077","532,521.90"
6 Months,MUTAKAMELA,,9.12,14.8,8.37,10.58,1.46,16.01,"43,903,310","1,145,087.07"
6 Months,SPORT CLUBS,,6.94,8.79,6.47,8,1.06,15.27,"350,414,833","4,216,346.04"
6 Months,NAQI,,52.30,61.2,50.65,60,7.7,14.72,"4,782,842","3,326,888.50"
6 Months,APC,,4.56,6.33,4.52,5.22,0.66,14.47,"1,006,989,195","19,754,873.10"
6 Months,AVALON PHARMA,,55.39,68.1,55.08,63.15,7.76,14.01,"15,666,698","3,619,928.15"
6 Months,UCA,,2.98,3.77,2.85,3.38,0.4,13.42,"78,293,638","2,585,990.17"
6 Months,SFICO,,42.28,86.3,38.16,47.7,5.42,12.82,"72,905,853","38,043,126.40"
6 Months,JARIR,,14.18,18.38,13.93,15.93,1.75,12.34,"299,976,190","41,454,921.86"
6 Months,SAICO,,8.64,11.4,8.41,9.68,1.04,12.04,"33,487,870","416,793.48"
6 Months,ALAKARIA,,13.33,18.42,13.05,14.91,1.58,11.85,"100,413,795","4,669,151.72"
6 Months,AMANA INSURANCE,,5.88,8.8,5.66,6.56,0.68,11.56,"91,783,050","11,739,288.16"
6 Months,TADCO,,37.43,56.17,29.7,41.72,4.29,11.46,"24,279,410","31,008,417.26"
6 Months,ALWASAIL INDUSTRIAL,,2.61,3.5,2.48,2.9,0.29,11.11,"261,671,909","4,874,764.41"
6 Months,ARABIAN SHIELD,,10.90,12.9,10.21,12.01,1.11,10.18,"29,844,514","1,674,646.09"
6 Months,ANAAM HOLDING,,10.68,13.37,10.1,11.75,1.07,10.02,"68,656,116","2,978,134.31"
6 Months,NCLE,,118.80,152.4,113.8,130.5,11.7,9.85,"3,612,851","2,020,247.10"
6 Months,SAIB,,13.29,14.98,13.05,14.54,1.25,9.41,"64,955,108","9,993,497.48"
6 Months,BAHRI,,32.46,39.48,29.74,35.38,2.92,9.00,"214,464,858","50,531,609.22"
6 Months,MEDGULF,,14.22,17.9,13.7,15.47,1.25,8.79,"111,955,198","2,763,101.13"
6 Months,ALMASAR ALSHAMIL,,22.15,27.72,20.01,24,1.85,8.35,"29,936,381","4,135,427.74"
6 Months,SISCO HOLDING,,34.80,40.82,30.22,37.7,2.9,8.33,"58,404,577","10,743,309.26"
6 Months,WALAA,,9.78,11.98,9.05,10.59,0.81,8.28,"73,114,075","3,896,402.35"
6 Months,JABAL OMAR,,16.17,19.1,14.29,17.5,1.33,8.23,"440,564,634","40,462,816.31"
6 Months,SARCO,,47.62,61.95,43.68,51.4,3.78,7.94,"30,316,726","6,996,673.70"
6 Months,WATANIYA,,12.63,15.58,11.09,13.6,0.97,7.68,"48,887,054","1,049,769.64"
6 Months,SAUDI RE,,24.51,29.94,23.31,26.36,1.85,7.55,"92,737,557","12,854,561.56"
6 Months,BAAN,,1.71,2.25,1.68,1.83,0.12,7.02,"662,292,631","2,781,786.07"
6 Months,ALMUNAJEM,,52.50,67.15,51.5,55.95,3.45,6.57,"26,200,309","2,446,405.75"
6 Months,GAS,,14.55,18.29,12.93,15.46,0.91,6.25,"41,344,098","5,395,170.46"
6 Months,SOLUTIONS,,196.70,232,189.2,209,12.3,6.25,"19,759,957","18,336,341.50"
6 Months,ACIG,,6.45,9,5.65,6.85,0.4,6.20,"85,695,159","2,294,716.53"
6 Months,EAST PIPES,,164.40,231.1,158,174.5,10.1,6.14,"32,815,673","50,737,339.30"
6 Months,ANB,,21.60,23.5,20.45,22.8,1.2,5.56,"168,165,614","35,264,911.07"
6 Months,ALSAGR INSURANCE,,9.40,12.7,9.24,9.91,0.51,5.43,"38,413,347","802,246.39"
6 Months,SAMBA,,36.80,39.1,36.5,38.5,1.7,4.62,"10,917,458","343,828,273.55"
6 Months,ELM,,541.00,739,504.5,565.5,24.5,4.53,"15,457,700","45,877,477.50"
6 Months,DAR ALARKAN,,18.02,21.4,16.78,18.77,0.75,4.16,"95,771,974","16,342,398.33"
6 Months,BSF,,19.70,22.5,18.61,20.47,0.77,3.91,"228,412,030","49,907,595.07"
6 Months,TAWUNIYA,,84.65,107.71,81.72,87,2.35,2.78,"52,570,362","47,463,702.95"
6 Months,JAHEZ,,11.38,14.7,10.72,11.67,0.29,2.55,"243,686,424","2,820,198.89"
6 Months,OASIS,,2.38,3.13,2.32,2.44,0.06,2.52,"190,900,247","3,806,132.70"
6 Months,SAL,,166.00,186,158,169,3,1.81,"23,842,323","10,415,007.90"
6 Months,SIECO,,2.20,2.6,2.12,2.23,0.03,1.36,"429,155,889","1,528,371.47"
6 Months,DERAYAH REIT,,5.18,5.72,5.15,5.25,0.07,1.35,"18,465,195","45,270.10"
6 Months,Sahara,,17.26,17.48,16.7,17.46,0.2,1.16,"6,375,356","67,130,506.54"
6 Months,FAKEEH CARE,,34.50,40,32.98,34.86,0.36,1.04,"15,519,194","1,300,120.68"
6 Months,ALMAWARID,,88.90,112.2,82.85,89.75,0.85,0.96,"16,250,415","7,550,967.70"
6 Months,SPM,,57.10,70.55,54.4,57.6,0.5,0.88,"17,895,149","3,746,990.75"
6 Months,ALINMA,,24.17,26,23.04,24.32,0.15,0.62,"585,464,032","76,230,898.83"
6 Months,STC,,42.48,44.88,41.92,42.74,0.26,0.61,"295,022,482","107,757,926.42"
6 Months,MASAR,,17.05,18.8,14.54,17.13,0.08,0.47,"217,012,285","33,184,077.35"
6 Months,AICC,,8.08,9.2,7.84,8.09,0.01,0.12,"17,667,351","1,523,186.69"
6 Months,WAFA Insurance,,9.50,10,9.3,9.5,0,0.00,"915,571","8,767,344.86"
6 Months,ALAWWAL,,19.58,19.58,19,19.58,0,0.00,"1,587,561","30,693,634.94"
6 Months,MMG,,12.55,12.9,11.8,12.55,0,0.00,"5,310,626","66,213,259.00"
6 Months,METLIFE AIG ANB,,14.30,15.4,14.02,14.3,0,0.00,"1,191,763","17,571,429.72"
6 Months,SANAD,,15.23,17.75,14.75,15.23,0,0.00,"1,572,218","25,722,117.10"
6 Months,ALAHLIA,,14.76,15.02,14.5,14.76,0,0.00,"1,119,353","16,457,121.40"
6 Months,PETROCHEM,,45.45,46,45.4,45.45,0,0.00,"102,240","4,661,416.70"
6 Months,BURUJ,,16.01,16.47,15.92,16.01,0,0.00,"116,422","1,872,712.11"
6 Months,SOLIDARITY,,14.20,14.52,14.16,14.2,0,0.00,"636,038","9,053,258.36"
6 Months,Weqaya Takaful,,19.39,19.75,19.15,19.39,0,0.00,"1,694,478","32,930,031.50"
6 Months,ALKHODARI,,5.39,5.76,5.18,5.39,0,0.00,"4,609,164","25,244,810.49"
6 Months,DUR,,27.00,27.1,26.4,27,0,0.00,"162,456","4,338,476.30"
6 Months,Bishah Agriculture,,69.75,81,69.75,69.75,0,0.00,"4,570,725","339,704,400.75"
6 Months,HCC,,11.60,11.7,11.54,11.6,0,0.00,"1,029,618","11,976,960.50"
6 Months,ALINMA TOKIO M,,12.80,12.84,12.06,12.8,0,0.00,"765,899","9,519,564.54"
6 Months,SABB TAKAFUL,,11.50,11.98,11.5,11.5,0,0.00,"539,556","6,349,103.58"
6 Months,ATC,,34.00,34.35,33.25,34,0,0.00,"871,494","8,968,049.20"
6 Months,ALARABIA,,121.40,123.9,46.22,46.3,-75.1,-61.86,"20,820,862","13,348,981.74"
6 Months,ALKATHIRI,,1.93,1.99,1.03,1.06,-0.87,-45.08,"575,489,979","5,151,204.12"
6 Months,SALEH ALRASHED,,68.70,72.15,36.6,39,-29.7,-43.23,"50,153,718","2,953,944.68"
6 Months,MIAHONA,,16.84,18.3,9.65,9.73,-7.11,-42.22,"141,182,414","10,951,892.85"
6 Months,SHAKER,,16.65,17.29,10.26,10.28,-6.37,-38.26,"101,868,675","2,598,007.02"
6 Months,RETAL,,13.67,15.4,8.5,8.5,-5.17,-37.82,"151,382,812","21,524,641.42"
6 Months,SRMG,,86.20,90,52.65,54,-32.2,-37.35,"24,564,143","12,756,211.85"
6 Months,TASHEEL,,42.34,47,26.68,26.7,-15.64,-36.94,"43,351,932","2,648,050.68"
6 Months,ALMAJDIAH,,8.84,8.96,5.7,5.83,-3.01,-34.05,"135,990,862","3,940,862.64"
6 Months,LUMI,,36.94,42.1,24.4,24.48,-12.46,-33.73,"26,690,158","5,572,748.10"
6 Months,THEEB,,29.16,30.74,18.86,19.33,-9.83,-33.71,"97,130,215","9,934,593.94"
6 Months,BUDGET SAUDI,,41.32,43.8,26.72,27.54,-13.78,-33.35,"75,366,886","12,480,780.56"
6 Months,SGS,,32.74,34.2,20.73,22.25,-10.49,-32.04,"74,156,300","10,616,939.74"
6 Months,SACO,,25.64,26.4,17.02,17.46,-8.18,-31.90,"12,785,845","419,670.89"
6 Months,SENAAT,,36.02,40.5,24.45,24.54,-11.48,-31.87,"68,861,085","14,248,893.26"
6 Months,A.OTHAIM MARKET,,6.14,6.33,4.2,4.2,-1.94,-31.60,"159,048,515","5,159,366.90"
6 Months,DALLAH HEALTH,,109.98,117.23,72.8,75.45,-34.53,-31.40,"16,980,693","10,870,888.05"
6 Months,ATAA,,54.90,59.1,37.76,37.76,-17.14,-31.22,"11,251,825","3,365,537.02"
6 Months,ALJOUF,,52.00,52.85,36.02,36.1,-15.9,-30.58,"10,097,448","1,926,894.60"
6 Months,GASCO HOLDING,,83.00,89.75,58.3,58.35,-24.65,-29.70,"22,303,329","16,717,858.10"
6 Months,ALMAJED OUD,,164.80,167.5,111.1,115.9,-48.9,-29.67,"7,983,929","9,303,668.50"
6 Months,ALDAWAA,,51.25,53.95,36.08,36.08,-15.17,-29.60,"18,045,056","2,003,970.48"
6 Months,MBC GROUP,,26.98,27.62,18.1,19.03,-7.95,-29.47,"25,908,119","1,211,223.19"
6 Months,SASCO,,56.30,56.85,37.2,40.2,-16.1,-28.60,"42,402,375","2,655,037.44"
6 Months,TAKWEEN,,5.35,5.67,3.71,3.85,-1.5,-28.04,"65,185,306","916,135.17"
6 Months,EXTRA,,81.70,83,58.55,58.8,-22.9,-28.03,"27,766,190","41,004,254.00"
6 Months,NOFOTH,,8.39,8.83,5.77,6.1,-2.29,-27.29,"26,838,695","1,614,397.38"
6 Months,CHEMANOL,,37.68,42.26,26.04,27.62,-10.06,-26.70,"15,338,820","9,122,271.28"
6 Months,SIPCHEM,,16.00,16.8,11.78,11.78,-4.22,-26.38,"204,880,772","19,520,387.78"
6 Months,LADUN,,2.43,2.75,1.62,1.79,-0.64,-26.34,"167,958,489","19,168,744.52"
6 Months,CARE,,139.00,142,94.9,103.3,-35.7,-25.68,"17,143,180","20,823,320.50"
6 Months,ABO MOATI,,42.94,47.26,31.96,32.2,-10.74,-25.01,"41,593,058","10,811,336.02"
6 Months,SAUDI CEMENT,,34.82,35.34,26.28,26.36,-8.46,-24.30,"18,812,890","5,822,724.58"
6 Months,ALKHALEEJ TRNG,,16.08,17.4,12.16,12.18,-3.9,-24.25,"37,361,556","645,599.12"
6 Months,SAUDI CERAMICS,,28.50,31.46,21.67,21.68,-6.82,-23.93,"29,831,646","3,687,889.67"
6 Months,NASEEJ,,15.39,21.16,11.69,11.71,-3.68,-23.91,"99,262,452","18,493,898.21"
6 Months,2P,,7.00,7.61,5.33,5.33,-1.67,-23.86,"96,637,726","3,554,110.81"
6 Months,SPCC,,23.07,23.77,17.6,17.61,-5.46,-23.67,"9,360,419","710,077.87"
6 Months,AWPT,,119.30,129.2,90.7,91.15,-28.15,-23.60,"14,271,271","11,560,907.65"
6 Months,NADEC,,17.68,17.89,13.51,13.52,-4.16,-23.53,"111,928,919","5,532,987.79"
6 Months,AL AZIZIAH REIT,,5.45,5.56,4.1,4.17,-1.28,-23.49,"11,030,647","175,998.66"
6 Months,BAWAN,,45.24,46.2,32.98,34.7,-10.54,-23.30,"35,865,735","5,441,948.88"
6 Months,SABIC,,59.55,62.5,46.02,46.06,-13.49,-22.65,"215,725,092","67,655,095.06"
6 Months,AYYAN,,10.62,11.4,8,8.22,-2.4,-22.60,"49,238,568","2,747,255.65"
6 Months,JADWA REIT SAUDI,,11.24,11.62,8.69,8.7,-2.54,-22.60,"44,600,939","3,568,552.29"
6 Months,NGC,,14.84,15.88,11.54,11.69,-3.15,-21.23,"14,102,237","1,060,590.17"
6 Months,MUSHARAKA REIT,,4.11,4.3,3.16,3.24,-0.87,-21.17,"13,860,334","71,431.00"
6 Months,SABIC AGRI-NUTRIENTS,,148.60,159.3,115.9,117.3,-31.3,-21.06,"73,887,746","68,443,837.00"
6 Months,SAUDI GERMAN HEALTH,,35.94,40.54,28.12,28.44,-7.5,-20.87,"66,399,232","8,483,160.48"
6 Months,FARM SUPERSTORES,,13.14,14,10.43,10.43,-2.71,-20.62,"7,373,600","415,625.90"
6 Months,SMC HEALTHCARE,,18.70,19.54,14,14.9,-3.8,-20.32,"59,105,810","2,715,281.55"
6 Months,LEEJAM SPORTS,,88.95,92.15,69.65,71.3,-17.65,-19.84,"16,250,379","6,586,545.90"
6 Months,CITY CEMENT,,12.54,12.76,9.99,10.07,-2.47,-19.70,"78,908,405","1,839,383.08"
6 Months,JAZADCO,,9.00,9.14,7.23,7.24,-1.76,-19.56,"19,303,582","943,563.32"
6 Months,TCC,,8.44,8.51,6.81,6.82,-1.62,-19.19,"17,389,408","1,236,208.31"
6 Months,AMAK,,87.10,92.9,67,70.8,-16.3,-18.71,"46,463,443","23,532,029.85"
6 Months,SUMOU,,29.26,30.94,23.75,23.85,-5.41,-18.49,"11,201,886","979,182.98"
6 Months,ACC,,24.24,24.39,19.53,19.76,-4.48,-18.48,"21,670,132","3,782,524.26"
6 Months,ENTAJ,,26.24,29.98,19.96,21.4,-4.84,-18.45,"35,286,491","3,022,468.65"
6 Months,ASTRA INDUSTRIAL,,152.00,154.8,121.3,124,-28,-18.42,"10,111,114","10,669,109.60"
6 Months,FITAIHI GROUP,,2.64,2.77,2.16,2.16,-0.48,-18.18,"154,589,805","870,763.36"
6 Months,BATIC,,2.21,2.36,1.81,1.81,-0.4,-18.10,"893,210,614","4,870,436.26"
6 Months,CMCER,,5.83,6.5,4.75,4.8,-1.03,-17.67,"105,940,938","1,689,813.79"
6 Months,LAZURDE,,11.97,12.4,9.03,9.86,-2.11,-17.63,"21,153,434","3,105,082.18"
6 Months,MAADANIYAH,,12.39,13.42,10.15,10.21,-2.18,-17.59,"19,616,475","902,186.89"
6 Months,YC,,25.60,26.78,20.99,21.18,-4.42,-17.27,"50,845,261","9,388,603.08"
6 Months,GACO,,13.92,14.38,11.41,11.52,-2.4,-17.24,"15,214,716","886,010.04"
6 Months,EQUIPMENT HOUSE,,31.80,32.8,26.02,26.32,-5.48,-17.23,"7,425,206","589,643.80"
6 Months,BUILD STATION,,45.86,49.32,36.68,38,-7.86,-17.14,"11,982,162","1,089,670.64"
6 Months,AMLAK,,10.02,10.66,8.21,8.32,-1.7,-16.97,"45,680,629","2,544,341.63"
6 Months,ALBABTAIN,,65.20,74.6,52.5,54.25,-10.95,-16.79,"59,461,407","13,510,411.10"
6 Months,NAJRAN CEMENT,,6.27,6.32,5.21,5.22,-1.05,-16.75,"47,251,473","1,667,412.42"
6 Months,EIC,,16.64,19.9,12.95,13.86,-2.78,-16.71,"433,903,868","73,757,949.69"
6 Months,TECO,,14.16,18.08,11.82,11.82,-2.34,-16.53,"57,336,943","1,088,955.73"
6 Months,AMIANTIT,,13.88,16.67,11.5,11.61,-2.27,-16.35,"60,121,449","3,345,727.45"
6 Months,BURGERIZZR,,7.61,8.4,6.29,6.37,-1.24,-16.29,"56,683,722","908,139.23"
6 Months,ALHAMMADI,,26.60,28.96,22.29,22.3,-4.3,-16.17,"32,914,608","5,966,243.11"
6 Months,TADAWUL GROUP,,138.70,150.5,115.5,116.4,-22.3,-16.08,"41,676,896","49,823,029.60"
6 Months,DBS,,12.50,14.32,9.95,10.52,-1.98,-15.84,"348,784,043","4,318,074.89"
6 Months,RAYDAN,,19.00,19.44,13,16.01,-2.99,-15.74,"19,687,521","3,402,901.61"
6 Months,RIYADH CABLES,,119.70,134.7,99,101,-18.7,-15.62,"26,913,112","12,192,956.15"
6 Months,MOUWASAT,,72.55,73.2,59.45,61.45,-11.1,-15.30,"48,175,930","13,338,305.90"
6 Months,NICE ONE,,12.32,15.95,10.41,10.44,-1.88,-15.26,"125,320,321","2,579,372.38"
6 Months,SAIC,,16.99,17.79,14.2,14.4,-2.59,-15.24,"39,191,620","2,198,005.85"
6 Months,ADVANCED,,25.26,28.84,21.4,21.42,-3.84,-15.20,"104,237,984","4,442,773.76"
6 Months,CHERRY,,25.56,27.84,21,21.79,-3.77,-14.75,"30,639,355","1,603,618.19"
6 Months,ZAIN KSA,,11.46,12.1,9.77,9.77,-1.69,-14.75,"237,784,526","29,743,801.15"
6 Months,RIYADH CEMENT,,23.99,25.44,20.18,20.54,-3.45,-14.38,"20,493,754","2,889,134.60"
6 Months,BUPA ARABIA,,172.50,200,147.8,147.8,-24.7,-14.32,"16,909,776","27,481,743.30"
6 Months,NAHDI,,105.90,110,89.75,91,-14.9,-14.07,"14,836,915","4,577,386.85"
6 Months,SIIG,,13.11,15.34,11.24,11.27,-1.84,-14.04,"114,866,149","5,626,711.26"
6 Months,EMAAR EC,,10.71,12.19,9,9.23,-1.48,-13.82,"65,277,285","1,620,841.66"
6 Months,FLYNAS,,50.00,59.3,41.16,43.12,-6.88,-13.76,"63,922,939","7,550,224.84"
6 Months,SADAFCO,,212.70,240,183.9,183.9,-28.8,-13.54,"3,901,004","3,661,965.30"
6 Months,ALMOOSA,,136.10,146,110,117.8,-18.3,-13.45,"4,610,403","12,807,611.90"
6 Months,JAZIRA TAKAFUL,,11.61,13.11,10.01,10.05,-1.56,-13.44,"19,305,092","1,396,203.12"
6 Months,TASNEE,,9.01,10.8,7.8,7.8,-1.21,-13.43,"149,205,380","7,016,695.41"
6 Months,ALOMRAN,,21.11,23.17,18.12,18.28,-2.83,-13.41,"7,583,861","234,034.83"
6 Months,ALISTITHMAR REIT,,7.65,7.7,6.57,6.65,-1,-13.07,"9,115,705","36,936.31"
6 Months,MAHARAH,,4.67,5.57,4.06,4.06,-0.61,-13.06,"546,624,716","9,329,149.42"
6 Months,DERAYAH,,22.12,23.74,19.02,19.25,-2.87,-12.97,"54,665,352","30,202,012.78"
6 Months,BANAN,,3.49,3.76,2.85,3.04,-0.45,-12.89,"50,010,840","1,202,369.62"
6 Months,CATRION,,70.00,79.95,60.2,61,-9,-12.86,"26,261,853","11,743,262.80"
6 Months,MEPCO,,17.78,19.93,15.49,15.53,-2.25,-12.65,"107,286,830","15,084,753.47"
6 Months,JAMJOOM PHARMA,,144.40,163.7,126.2,126.2,-18.2,-12.60,"5,115,982","5,192,880.50"
6 Months,ARDCO,,18.89,19.4,15.25,16.51,-2.38,-12.60,"40,241,302","6,196,294.40"
6 Months,FIRST MILLS,,56.60,57.1,48.2,49.64,-6.96,-12.30,"8,754,731","3,102,940.67"
6 Months,RIYAD REIT,,5.06,5.22,4.41,4.44,-0.62,-12.25,"14,254,747","230,842.12"
6 Months,ALDREES,,133.40,134.2,105.3,117.3,-16.1,-12.07,"34,833,803","19,681,331.20"
6 Months,ALANDALUS,,15.70,16.15,13.52,13.82,-1.88,-11.97,"7,659,676","756,392.66"
6 Months,SHL,,14.82,16.9,13.01,13.07,-1.75,-11.81,"10,696,917","217,818.22"
6 Months,SULAIMAN ALHABIB,,256.80,258.6,210.1,226.5,-30.3,-11.80,"21,113,088","38,663,617.50"
6 Months,HB,,31.74,35.56,28,28.02,-3.72,-11.72,"5,737,602","198,571.32"
6 Months,MEFIC REIT,,3.60,3.6,3.14,3.18,-0.42,-11.67,"11,526,664","134,400.95"
6 Months,AL MAATHER REIT,,8.77,9.25,7.45,7.75,-1.02,-11.63,"5,839,200","2,420,788.49"
6 Months,THIMAR,,35.58,43.5,28.9,31.52,-4.06,-11.41,"23,148,154","1,809,175.56"
6 Months,SAPTCO,,11.94,12.98,10.35,10.59,-1.35,-11.31,"123,093,183","4,483,528.79"
6 Months,ALBILAD,,26.82,27.62,23.8,23.81,-3.01,-11.22,"189,105,274","46,827,798.31"
6 Months,SADR,,2.61,2.96,2.31,2.32,-0.29,-11.11,"237,315,781","1,337,232.15"
6 Months,CENOMI CENTERS,,15.85,16.55,13.74,14.1,-1.75,-11.04,"85,172,035","16,251,487.86"
6 Months,ALASEEL,,3.68,3.92,3.26,3.28,-0.4,-10.87,"69,572,823","897,898.09"
6 Months,ALRAJHI,,71.00,73.4,62,63.3,-7.7,-10.85,"758,482,753","679,518,085.55"
6 Months,ALSAIF GALLERY,,6.78,7.16,5.98,6.06,-0.72,-10.62,"23,544,953","651,806.14"
6 Months,DWF,,90.55,105,80,81,-9.55,-10.55,"4,702,064","2,357,747.65"
6 Months,ARAB SEA,,3.65,4.11,3.2,3.27,-0.38,-10.41,"106,667,320","3,440,784.61"
6 Months,MODERN MILLS,,28.40,30.4,25.5,25.5,-2.9,-10.21,"10,899,416","3,576,614.06"
6 Months,SAB,,37.06,37.92,31.64,33.32,-3.74,-10.09,"209,129,606","43,624,284.44"
6 Months,SAVOLA GROUP,,27.02,30.3,24.18,24.3,-2.72,-10.07,"114,160,669","19,875,411.47"
6 Months,SVCP,,19.72,23.2,15.94,17.74,-1.98,-10.04,"21,699,869","3,981,043.04"
6 Months,ALINMA HOSPITALITY REIT,,8.04,8.42,7.21,7.24,-0.8,-9.95,"42,551,917","919,867.66"
6 Months,ARTEX,,10.77,13.3,9.72,9.72,-1.05,-9.75,"25,997,392","341,067.22"
6 Months,CGS,,7.00,8.5,6.11,6.32,-0.68,-9.71,"104,358,350","1,265,986.84"
6 Months,BCI,,25.58,26.42,22.56,23.14,-2.44,-9.54,"4,862,957","609,479.96"
6 Months,SINAD HOLDING,,8.66,9.66,7.55,7.84,-0.82,-9.47,"28,801,166","2,617,299.27"
6 Months,OGC,,25.48,29.76,22.86,23.12,-2.36,-9.26,"24,694,668","1,824,092.34"
6 Months,RED SEA,,22.00,28.2,19.98,20,-2,-9.09,"139,514,220","12,812,523.31"
6 Months,YANSAB,,34.44,38.44,28.8,31.32,-3.12,-9.06,"117,077,094","17,767,877.64"
6 Months,MCDC,,85.00,94.6,75.4,77.3,-7.7,-9.06,"18,567,710","18,065,769.00"
6 Months,RIBL,,22.15,22.42,19.6,20.15,-2,-9.03,"344,776,394","57,635,521.99"
6 Months,SAUDI ENERGY,,17.10,18.48,15.49,15.6,-1.5,-8.77,"183,084,995","17,004,354.51"
6 Months,ASLAK,,17.79,19.5,15.21,16.23,-1.56,-8.77,"10,473,024","416,354.63"
6 Months,CENOMI RETAIL,,16.11,19.3,11.88,14.7,-1.41,-8.75,"202,822,569","6,795,504.73"
6 Months,SAUDI KAYAN,,5.37,6.2,4.9,4.9,-0.47,-8.75,"894,860,705","8,945,700.36"
6 Months,SAUDI ARAMCO,,27.56,27.96,25.18,25.22,-2.34,-8.49,"1,348,495,340","307,876,680.30"
6 Months,UACC,,12.04,14.54,10.99,11.04,-1,-8.31,"11,304,233","1,164,306.86"
6 Months,ARABIAN MILLS,,41.00,50,37.64,37.7,-3.3,-8.05,"13,892,931","6,854,674.68"
6 Months,ALAHLI REIT 1,,6.56,7.13,6.04,6.04,-0.52,-7.93,"10,744,085","464,867.34"
6 Months,ADES,,18.34,19.94,16.04,16.93,-1.41,-7.69,"207,190,289","30,753,050.65"
6 Months,EPCCO,,24.49,27.56,22.64,22.64,-1.85,-7.55,"17,235,317","2,842,189.45"
6 Months,CHEMICAL,,7.91,8.98,7.27,7.32,-0.59,-7.46,"721,442,117","19,539,989.80"
6 Months,ALAMAR,,41.80,48.8,36.6,38.7,-3.1,-7.42,"12,057,046","1,806,064.96"
6 Months,MAADEN,,65.40,73.8,54.9,60.65,-4.75,-7.26,"225,165,467","59,537,433.35"
6 Months,NORTHERN CEMENT,,7.01,7.3,6.31,6.52,-0.49,-6.99,"27,850,908","694,752.47"
6 Months,NAMA CHEMICALS,,20.14,20.79,18.56,18.74,-1.4,-6.95,"1,799,547","2,170,549.40"
6 Months,JOUF CEMENT,,5.08,5.94,4.68,4.73,-0.35,-6.89,"30,066,372","417,117.44"
6 Months,SALAMA,,7.89,10.31,6.55,7.36,-0.53,-6.72,"36,103,486","4,345,994.26"
6 Months,SEDCO CAPITAL REIT,,7.17,8.15,6.63,6.69,-0.48,-6.69,"24,450,629","1,840,219.92"
6 Months,HERFY FOODS,,14.68,16.21,13.14,13.7,-0.98,-6.68,"20,058,237","1,686,146.83"
6 Months,MRNA,,8.56,9.85,7.29,7.99,-0.57,-6.66,"14,246,283","153,205.21"
6 Months,GO TELECOM,,87.70,100.9,81.85,82,-5.7,-6.50,"23,540,528","7,594,858.25"
6 Months,TAMKEEN,,45.98,50.95,42.76,43.18,-2.8,-6.09,"9,969,382","1,099,053.94"
6 Months,TAIBA,,19.50,22.66,17.54,18.33,-1.17,-6.00,"29,664,030","2,116,509.70"
6 Months,SNB,,42.34,44.32,37.32,39.82,-2.52,-5.95,"520,181,905","188,946,064.34"
6 Months,NAYIFAT,,10.19,10.34,9.23,9.59,-0.6,-5.89,"25,237,390","806,744.94"
6 Months,FOURTH MILLING,,3.98,4.42,3.74,3.75,-0.23,-5.78,"143,410,686","699,622.52"
6 Months,SAUDI DARB,,2.08,2.49,1.96,1.96,-0.12,-5.77,"716,535,441","3,590,831.66"
6 Months,ZOUJAJ,,37.18,39.88,34.9,35.06,-2.12,-5.70,"21,688,119","2,634,197.08"
6 Months,ALYAMAMAH STEEL,,35.40,43.5,33.38,33.42,-1.98,-5.59,"46,965,671","5,202,104.72"
6 Months,ALJAZIRA REIT,,11.18,12.2,10.55,10.58,-0.6,-5.37,"6,453,910","141,254.81"
6 Months,TALCO,,34.26,38.08,30.42,32.48,-1.78,-5.20,"7,732,648","1,168,576.84"
6 Months,Al RAJHI REIT,,8.15,8.4,7.7,7.73,-0.42,-5.15,"26,011,727","1,843,875.07"
6 Months,MALATH INSURANCE,,9.18,11.2,8.21,8.72,-0.46,-5.01,"28,865,329","778,798.63"
6 Months,ALUJAIN,,27.84,31.38,26.06,26.46,-1.38,-4.96,"66,154,138","5,763,904.20"
6 Months,BAAZEEM,,5.39,6.27,5.07,5.14,-0.25,-4.64,"65,380,272","517,200.34"
6 Months,SPPC,,7.24,9.73,6.52,6.92,-0.32,-4.42,"123,891,855","3,056,342.53"
6 Months,ALRAMZ,,55.20,62.85,49.04,52.95,-2.25,-4.08,"17,147,526","4,780,798.35"
6 Months,TANMIAH,,58.40,67.4,52.05,56.1,-2.3,-3.94,"13,566,137","6,756,096.95"
6 Months,JADWA REIT ALHARAMAIN,,4.87,5.06,4.62,4.69,-0.18,-3.70,"6,036,445","36,911.28"
6 Months,BINDAWOOD,,4.78,5.47,4.4,4.62,-0.16,-3.35,"104,642,602","2,553,578.07"
6 Months,YCC,,14.82,16.81,14.17,14.36,-0.46,-3.10,"60,222,583","8,306,152.47"
6 Months,CHUBB,,16.61,20.98,15.98,16.1,-0.51,-3.07,"43,869,157","1,587,983.70"
6 Months,MULKIA REIT,,4.55,4.69,4.4,4.42,-0.13,-2.86,"8,436,297","151,893.43"
6 Months,ACWA,,172.20,206.9,160.3,167.4,-4.8,-2.79,"69,090,435","35,689,947.30"
6 Months,ALRAJHI TAKAFUL,,51.75,61.95,48.22,50.45,-1.3,-2.51,"59,964,893","16,891,227.15"
6 Months,RAOOM,,74.50,85.25,61.25,72.65,-1.85,-2.48,"11,929,942","3,131,972.30"
6 Months,ALINMA RETAIL REIT,,4.64,5.01,4.4,4.53,-0.11,-2.37,"41,821,011","442,786.90"
6 Months,SHARQIYAH DEV,,12.82,17.21,11.95,12.53,-0.29,-2.26,"58,042,056","3,964,518.98"
6 Months,TALEEM REIT,,10.30,11,9.98,10.07,-0.23,-2.23,"4,570,806","459,679.20"
6 Months,ETIHAD ETISALAT,,65.95,69.65,59.3,64.6,-1.35,-2.05,"120,628,204","105,798,795.70"
6 Months,ALKHABEER REIT,,5.63,5.83,5.47,5.52,-0.11,-1.95,"15,344,451","810,784.29"
6 Months,GULF GENERAL,,3.71,4.51,3.57,3.64,-0.07,-1.89,"46,016,734","1,086,387.23"
6 Months,BJAZ,,11.73,12.55,11.26,11.52,-0.21,-1.79,"373,698,767","39,169,566.13"
6 Months,QACCO,,44.06,46.48,41.9,43.28,-0.78,-1.77,"16,817,615","5,136,297.80"
6 Months,BONYAN REIT,,9.60,10.24,9.33,9.44,-0.16,-1.67,"15,991,255","1,404,334.72"
6 Months,SMASCO,,5.54,6.61,5.34,5.45,-0.09,-1.62,"265,158,305","9,198,324.43"
6 Months,UCIC,,24.97,28.94,23.9,24.6,-0.37,-1.48,"20,411,079","2,151,937.17"
6 Months,RASAN,,137.00,159.6,123.1,135,-2,-1.46,"50,667,177","44,758,592.80"
6 Months,SPIMACO,,31.30,33.32,27.88,30.98,-0.32,-1.02,"95,978,373","6,555,669.30"
6 Months,WAFRAH,,19.50,25.64,18.79,19.36,-0.14,-0.72,"34,171,035","1,313,838.74"
6 Months,SEERA,,20.28,23.54,19.75,20.14,-0.14,-0.69,"105,545,271","14,353,057.72"
6 Months,ALMARAI,,43.70,49.94,40.22,43.5,-0.2,-0.46,"111,756,963","26,226,747.20"
6 Months,ALETIHAD,,6.49,9.04,5.68,6.47,-0.02,-0.31,"86,128,010","4,431,607.08"
3 Months,KEC,,12.24,23.22,12,22.4,10.16,83.01,"65,688,639","81,440,803.32"
3 Months,PETRO RABIGH,,12.87,18.77,12.23,17.2,4.33,33.64,"579,295,301","62,410,969.84"
3 Months,AZM,,21.36,28.92,20.16,28.18,6.82,31.93,"10,160,204","5,301,724.48"
3 Months,MIS,,230.60,338,217.2,295,64.4,27.93,"5,558,243","20,039,273.00"
3 Months,ARMAH,,57.10,74.75,50.55,66.45,9.35,16.37,"8,979,193","33,210,015.40"
3 Months,KINGDOM,,11.59,14.79,10.99,13.46,1.87,16.13,"57,132,618","10,646,754.08"
3 Months,SPORT CLUBS,,6.92,8.79,6.58,8,1.08,15.61,"138,555,803","4,216,346.04"
3 Months,AMERICANA,,2.11,2.52,2.04,2.41,0.3,14.22,"1,079,323,770","22,775,737.09"
3 Months,TADCO,,36.61,56.17,34.3,41.72,5.11,13.96,"19,883,570","31,008,417.26"
3 Months,SAUDI CABLE,,160.00,189.7,152.1,181.9,21.9,13.69,"1,900,997","532,521.90"
3 Months,JABAL OMAR,,15.42,19.1,15.14,17.5,2.08,13.49,"202,972,916","40,462,816.31"
3 Months,SISCO HOLDING,,34.08,40.82,33.34,37.7,3.62,10.62,"22,443,937","10,743,309.26"
3 Months,ARABIAN DRILLING,,91.40,101,78.5,99.75,8.35,9.14,"7,331,527","44,387,113.95"
3 Months,BAHRI,,32.44,37.48,29.74,35.38,2.94,9.06,"132,569,582","50,531,609.22"
3 Months,ANB,,20.91,23.5,20.45,22.8,1.89,9.04,"74,562,410","35,264,911.07"
3 Months,CENOMI RETAIL,,13.50,19.3,11.88,14.7,1.2,8.89,"111,691,741","6,795,504.73"
3 Months,SAIB,,13.36,14.98,13.26,14.54,1.18,8.83,"31,726,465","9,993,497.48"
3 Months,BSF,,18.91,22.5,18.91,20.47,1.56,8.25,"102,550,346","49,907,595.07"
3 Months,FIPCO,,32.50,37,31.16,34.94,2.44,7.51,"4,487,449","1,991,135.74"
3 Months,NAQI,,56.00,61.2,54.65,60,4,7.14,"2,498,232","3,326,888.50"
3 Months,RAYDAN,,14.95,18.96,13.06,16.01,1.06,7.09,"14,791,084","3,402,901.61"
3 Months,SPIMACO,,29.00,33.32,28.26,30.98,1.98,6.83,"60,478,684","6,555,669.30"
3 Months,TAPRCO,,18.20,22.25,16.8,19.33,1.13,6.21,"18,718,360","1,258,365.86"
3 Months,YANSAB,,29.76,34.86,28.8,31.32,1.56,5.24,"47,658,892","17,767,877.64"
3 Months,MRNA,,7.60,9.85,7.29,7.99,0.39,5.13,"8,696,303","153,205.21"
3 Months,SSP,,50.20,58.8,45.02,52.75,2.55,5.08,"19,130,562","13,990,552.55"
3 Months,ALWASAIL INDUSTRIAL,,2.76,3.5,2.52,2.9,0.14,5.07,"121,058,090","4,874,764.41"
3 Months,SPM,,54.90,70.55,54.6,57.6,2.7,4.92,"11,079,571","3,746,990.75"
3 Months,SULAIMAN ALHABIB,,215.90,242.9,211.5,226.5,10.6,4.91,"8,953,200","38,663,617.50"
3 Months,MARAFIQ,,38.62,46.18,35.42,40.5,1.88,4.87,"34,924,837","6,199,380.50"
3 Months,SAMBA,,36.80,39.1,36.5,38.5,1.7,4.62,"10,917,458","343,828,273.55"
3 Months,ETIHAD ETISALAT,,62.00,68.7,60.5,64.6,2.6,4.19,"65,304,288","105,798,795.70"
3 Months,LUBEREF,,123.00,143,120.2,127.7,4.7,3.82,"23,025,918","42,444,154.80"
3 Months,AVALON PHARMA,,61.00,68.1,57.55,63.15,2.15,3.52,"5,430,712","3,619,928.15"
3 Months,SAB,,32.22,34.68,31.64,33.32,1.1,3.41,"106,069,272","43,624,284.44"
3 Months,MESC,,31.22,36.7,29.12,32.24,1.02,3.27,"29,036,050","9,076,259.48"
3 Months,RAOOM,,70.85,85.25,66.5,72.65,1.8,2.54,"7,267,762","3,131,972.30"
3 Months,ALDREES,,114.50,125.2,105.3,117.3,2.8,2.45,"18,462,162","19,681,331.20"
3 Months,SNB,,38.96,43.7,37.32,39.82,0.86,2.21,"239,188,280","188,946,064.34"
3 Months,DAR ALARKAN,,18.41,21.4,18.01,18.77,0.36,1.96,"41,652,107","16,342,398.33"
3 Months,MAADEN,,59.65,71.1,54.9,60.65,1,1.68,"87,269,805","59,537,433.35"
3 Months,Sahara,,17.20,17.48,16.3,17.46,0.26,1.51,"13,923,737","67,130,506.54"
3 Months,SOLUTIONS,,206.00,225,198,209,3,1.46,"11,160,912","18,336,341.50"
3 Months,ALINMA,,24.09,26,23.04,24.32,0.23,0.95,"292,006,068","76,230,898.83"
3 Months,WALAA,,10.49,11.98,9.18,10.59,0.1,0.95,"42,709,730","3,896,402.35"
3 Months,WATANIYA,,13.48,15.58,11.09,13.6,0.12,0.89,"27,665,572","1,049,769.64"
3 Months,ALMASAR ALSHAMIL,,23.79,27.72,22.15,24,0.21,0.88,"8,436,379","4,135,427.74"
3 Months,SAUDI RE,,26.16,29.94,23.31,26.36,0.2,0.76,"57,758,577","12,854,561.56"
3 Months,DUR,,26.80,27.3,26.4,27,0.2,0.75,"222,446","4,338,476.30"
3 Months,RIBL,,20.06,21.29,19.6,20.15,0.09,0.45,"174,243,963","57,635,521.99"
3 Months,AMAK,,70.75,90.9,67,70.8,0.05,0.07,"18,317,928","23,532,029.85"
3 Months,SABB TAKAFUL,,11.50,11.98,11.5,11.5,0,0.00,"539,556","6,349,103.58"
3 Months,WAFA Insurance,,9.50,10,9.3,9.5,0,0.00,"915,571","8,767,344.86"
3 Months,ALAHLIA,,14.76,15.02,14.5,14.76,0,0.00,"1,119,353","16,457,121.40"
3 Months,MMG,,12.55,12.9,11.8,12.55,0,0.00,"5,310,626","66,213,259.00"
3 Months,SANAD,,15.23,17.75,14.75,15.23,0,0.00,"1,572,218","25,722,117.10"
3 Months,Weqaya Takaful,,19.39,19.75,19.15,19.39,0,0.00,"1,694,478","32,930,031.50"
3 Months,ATC,,34.00,34.35,33.8,34,0,0.00,"263,305","8,968,049.20"
3 Months,SOLIDARITY,,14.20,14.52,14.16,14.2,0,0.00,"636,038","9,053,258.36"
3 Months,ALKHODARI,,5.39,5.76,5.18,5.39,0,0.00,"4,609,164","25,244,810.49"
3 Months,NAMA CHEMICALS,,18.74,19,18.56,18.74,0,0.00,"116,132","2,170,549.40"
3 Months,HCC,,11.60,11.7,11.54,11.6,0,0.00,"1,029,618","11,976,960.50"
3 Months,ALINMA TOKIO M,,12.80,12.84,12.06,12.8,0,0.00,"765,899","9,519,564.54"
3 Months,ALAWWAL,,19.58,19.58,19,19.58,0,0.00,"1,587,561","30,693,634.94"
3 Months,BURUJ,,16.01,16.47,15.92,16.01,0,0.00,"116,422","1,872,712.11"
3 Months,ALARABIA,,90.70,91.35,46.22,46.3,-44.4,-48.95,"14,303,098","13,348,981.74"
3 Months,SFICO,,78.45,86.3,47.1,47.7,-30.75,-39.20,"57,063,250","38,043,126.40"
3 Months,NASEEJ,,18.66,21.16,11.69,11.71,-6.95,-37.25,"65,449,751","18,493,898.21"
3 Months,MIAHONA,,15.25,15.29,9.65,9.73,-5.52,-36.20,"100,800,850","10,951,892.85"
3 Months,ALKATHIRI,,1.61,1.64,1.03,1.06,-0.55,-34.16,"418,438,007","5,151,204.12"
3 Months,TECO,,17.49,17.73,11.82,11.82,-5.67,-32.42,"12,994,892","1,088,955.73"
3 Months,CHEMANOL,,39.88,39.62,26.04,27.62,-12.26,-30.74,"10,125,191","9,122,271.28"
3 Months,RETAL,,12.10,12.34,8.5,8.5,-3.6,-29.75,"80,273,165","21,524,641.42"
3 Months,SGS,,31.42,31.44,20.73,22.25,-9.17,-29.19,"36,269,369","10,616,939.74"
3 Months,A.OTHAIM MARKET,,5.87,5.89,4.2,4.2,-1.67,-28.45,"89,925,164","5,159,366.90"
3 Months,SENAAT,,34.02,34.5,24.45,24.54,-9.48,-27.87,"32,402,029","14,248,893.26"
3 Months,NICE ONE,,14.29,14.53,10.41,10.44,-3.85,-26.94,"33,799,848","2,579,372.38"
3 Months,SALAMA,,10.00,10.31,6.55,7.36,-2.64,-26.40,"21,021,242","4,345,994.26"
3 Months,LADUN,,2.43,2.75,1.62,1.79,-0.64,-26.34,"167,958,489","19,168,744.52"
3 Months,ABO MOATI,,43.66,46,31.96,32.2,-11.46,-26.25,"19,529,348","10,811,336.02"
3 Months,AYYAN,,11.14,11.4,8,8.22,-2.92,-26.21,"27,244,127","2,747,255.65"
3 Months,SHAKER,,13.91,14.12,10.26,10.28,-3.63,-26.10,"75,485,624","2,598,007.02"
3 Months,LUMI,,33.10,33.32,24.4,24.48,-8.62,-26.04,"10,371,982","5,572,748.10"
3 Months,ATAA,,51.00,51.9,37.76,37.76,-13.24,-25.96,"8,664,533","3,365,537.02"
3 Months,SACO,,23.48,23.89,17.02,17.46,-6.02,-25.64,"5,425,420","419,670.89"
3 Months,TASHEEL,,35.70,37.14,26.68,26.7,-9,-25.21,"21,780,584","2,648,050.68"
3 Months,SRMG,,72.00,76,52.65,54,-18,-25.00,"13,368,236","12,756,211.85"
3 Months,TAKWEEN,,5.06,5.18,3.71,3.85,-1.21,-23.91,"44,483,137","916,135.17"
3 Months,CMCER,,6.27,6.5,4.75,4.8,-1.47,-23.44,"64,321,248","1,689,813.79"
3 Months,FLYNAS,,55.90,58,41.16,43.12,-12.78,-22.86,"22,446,208","7,550,224.84"
3 Months,MAHARAH,,5.20,5.57,4.06,4.06,-1.14,-21.92,"285,549,334","9,329,149.42"
3 Months,ARABIAN MILLS,,48.08,48.22,37.64,37.7,-10.38,-21.59,"5,003,227","6,854,674.68"
3 Months,RED SEA,,25.22,27.88,19.98,20,-5.22,-20.70,"77,069,162","12,812,523.31"
3 Months,EAST PIPES,,220.00,231.1,173.7,174.5,-45.5,-20.68,"13,558,825","50,737,339.30"
3 Months,AL AZIZIAH REIT,,5.25,5.34,4.1,4.17,-1.08,-20.57,"3,327,657","175,998.66"
3 Months,JADWA REIT SAUDI,,10.92,11.01,8.69,8.7,-2.22,-20.33,"34,252,113","3,568,552.29"
3 Months,FARM SUPERSTORES,,13.08,13.82,10.43,10.43,-2.65,-20.26,"4,044,778","415,625.90"
3 Months,EXTRA,,73.65,74.45,58.55,58.8,-14.85,-20.16,"19,283,198","41,004,254.00"
3 Months,ARTEX,,12.15,13.3,9.72,9.72,-2.43,-20.00,"13,203,900","341,067.22"
3 Months,AWPT,,113.90,114.9,90.7,91.15,-22.75,-19.97,"7,833,775","11,560,907.65"
3 Months,CATRION,,76.15,76.9,60.2,61,-15.15,-19.89,"8,821,809","11,743,262.80"
3 Months,UACC,,13.76,14.2,10.99,11.04,-2.72,-19.77,"4,700,863","1,164,306.86"
3 Months,NGC,,14.57,15.4,11.54,11.69,-2.88,-19.77,"5,949,433","1,060,590.17"
3 Months,AMANA INSURANCE,,8.17,8.8,6.1,6.56,-1.61,-19.71,"49,281,949","11,739,288.16"
3 Months,ALYAMAMAH STEEL,,41.60,43.3,33.38,33.42,-8.18,-19.66,"17,281,338","5,202,104.72"
3 Months,JAMJOOM PHARMA,,157.00,157,126.2,126.2,-30.8,-19.62,"2,415,831","5,192,880.50"
3 Months,BATIC,,2.25,2.28,1.81,1.81,-0.44,-19.56,"348,728,430","4,870,436.26"
3 Months,ALKHALEEJ TRNG,,15.12,15.4,12.16,12.18,-2.94,-19.44,"13,860,518","645,599.12"
3 Months,MAADANIYAH,,12.67,13.23,10.15,10.21,-2.46,-19.42,"9,122,466","902,186.89"
3 Months,2P,,6.61,7.06,5.33,5.33,-1.28,-19.36,"54,885,002","3,554,110.81"
3 Months,GASCO HOLDING,,72.30,77.45,58.3,58.35,-13.95,-19.29,"16,981,699","16,717,858.10"
3 Months,BUILD STATION,,47.06,49.12,36.68,38,-9.06,-19.25,"4,114,927","1,089,670.64"
3 Months,THIMAR,,39.00,43.5,31,31.52,-7.48,-19.18,"14,132,666","1,809,175.56"
3 Months,ALMAJDIAH,,7.20,7.25,5.7,5.83,-1.37,-19.03,"66,505,435","3,940,862.64"
3 Months,SIDC,,17.25,17.95,13.13,13.98,-3.27,-18.96,"24,600,896","12,109,939.93"
3 Months,METLIFE AIG ANB,,17.58,17.78,14.02,14.3,-3.28,-18.66,"3,601,863","17,571,429.72"
3 Months,SIPCHEM,,14.47,14.69,11.78,11.78,-2.69,-18.59,"81,857,451","19,520,387.78"
3 Months,DWF,,99.40,105,80,81,-18.4,-18.51,"1,953,417","2,357,747.65"
3 Months,DALLAH HEALTH,,92.48,94.31,72.8,75.45,-17.03,-18.41,"8,381,516","10,870,888.05"
3 Months,ALHAMMADI,,27.30,27.84,22.29,22.3,-5,-18.32,"17,580,552","5,966,243.11"
3 Months,AMIANTIT,,14.17,14.75,11.5,11.61,-2.56,-18.07,"24,117,434","3,345,727.45"
3 Months,THEEB,,23.56,23.68,18.86,19.33,-4.23,-17.95,"51,433,230","9,934,593.94"
3 Months,SAUDI CERAMICS,,26.42,26.88,21.67,21.68,-4.74,-17.94,"12,442,266","3,687,889.67"
3 Months,BAAN,,2.23,2.25,1.82,1.83,-0.4,-17.94,"246,709,833","2,781,786.07"
3 Months,NOFOTH,,7.43,7.59,5.77,6.1,-1.33,-17.90,"18,805,901","1,614,397.38"
3 Months,ALDAWAA,,43.94,44.1,36.08,36.08,-7.86,-17.89,"5,858,116","2,003,970.48"
3 Months,ALOMRAN,,22.26,23,18.12,18.28,-3.98,-17.88,"2,588,278","234,034.83"
3 Months,MUTAKAMELA,,12.84,14.8,10.4,10.58,-2.26,-17.60,"34,094,700","1,145,087.07"
3 Months,MUSHARAKA REIT,,3.93,3.95,3.16,3.24,-0.69,-17.56,"8,726,420","71,431.00"
3 Months,ELM,,685.50,695,563.5,565.5,-120,-17.51,"5,669,965","45,877,477.50"
3 Months,ALBABTAIN,,65.75,65.8,52.5,54.25,-11.5,-17.49,"33,678,366","13,510,411.10"
3 Months,BURGERIZZR,,7.72,7.9,6.29,6.37,-1.35,-17.49,"17,121,906","908,139.23"
3 Months,RIYADH CABLES,,122.20,123.8,99,101,-21.2,-17.35,"13,865,877","12,192,956.15"
3 Months,SIIG,,13.62,13.67,11.24,11.27,-2.35,-17.25,"48,352,174","5,626,711.26"
3 Months,ALJOUF,,43.62,46.82,36.02,36.1,-7.52,-17.24,"6,133,685","1,926,894.60"
3 Months,MBC GROUP,,22.90,23.22,18.1,19.03,-3.87,-16.90,"11,833,164","1,211,223.19"
3 Months,SAVOLA GROUP,,29.24,29.36,24.18,24.3,-4.94,-16.89,"47,901,914","19,875,411.47"
3 Months,JAHEZ,,14.03,14.31,11.26,11.67,-2.36,-16.82,"52,260,264","2,820,198.89"
3 Months,SAIC,,17.29,17.79,14.2,14.4,-2.89,-16.71,"23,633,330","2,198,005.85"
3 Months,SUMOU,,28.56,28.96,23.75,23.85,-4.71,-16.49,"3,717,020","979,182.98"
3 Months,SADAFCO,,220.00,225,183.9,183.9,-36.1,-16.41,"1,958,590","3,661,965.30"
3 Months,EPCCO,,27.08,27.2,22.64,22.64,-4.44,-16.40,"5,292,598","2,842,189.45"
3 Months,ALSAGR INSURANCE,,11.85,12.24,9.84,9.91,-1.94,-16.37,"14,133,561","802,246.39"
3 Months,SEDCO CAPITAL REIT,,7.98,8.15,6.63,6.69,-1.29,-16.17,"11,978,435","1,840,219.92"
3 Months,JAZIRA TAKAFUL,,11.96,13.11,10.01,10.05,-1.91,-15.97,"10,399,470","1,396,203.12"
3 Months,YC,,25.20,25.44,20.99,21.18,-4.02,-15.95,"18,614,226","9,388,603.08"
3 Months,CHUBB,,19.11,20.17,15.98,16.1,-3.01,-15.75,"15,894,968","1,587,983.70"
3 Months,HB,,33.10,35.56,28,28.02,-5.08,-15.35,"2,346,756","198,571.32"
3 Months,NADEC,,15.96,16.29,13.51,13.52,-2.44,-15.29,"38,810,541","5,532,987.79"
3 Months,MALATH INSURANCE,,10.28,11.2,8.63,8.72,-1.56,-15.18,"12,545,194","778,798.63"
3 Months,ACWA,,197.00,202.2,166.2,167.4,-29.6,-15.03,"19,192,264","35,689,947.30"
3 Months,SADR,,2.73,2.8,2.31,2.32,-0.41,-15.02,"91,565,308","1,337,232.15"
3 Months,BAAZEEM,,6.04,6.27,5.07,5.14,-0.9,-14.90,"33,144,763","517,200.34"
3 Months,BAWAN,,40.70,40.94,32.98,34.7,-6,-14.74,"16,988,633","5,441,948.88"
3 Months,AL MAATHER REIT,,9.06,9.25,7.45,7.75,-1.31,-14.46,"4,042,471","2,420,788.49"
3 Months,TASNEE,,9.09,9.74,7.8,7.8,-1.29,-14.19,"63,497,330","7,016,695.41"
3 Months,SMASCO,,6.35,6.61,5.34,5.45,-0.9,-14.17,"109,972,466","9,198,324.43"
3 Months,DERAYAH,,22.41,22.82,19.02,19.25,-3.16,-14.10,"28,002,755","30,202,012.78"
3 Months,ACC,,22.91,23.6,19.53,19.76,-3.15,-13.75,"9,778,851","3,782,524.26"
3 Months,MEPCO,,18.00,19.31,15.49,15.53,-2.47,-13.72,"40,760,851","15,084,753.47"
3 Months,SAUDI DARB,,2.27,2.49,1.96,1.96,-0.31,-13.66,"404,018,974","3,590,831.66"
3 Months,FITAIHI GROUP,,2.50,2.65,2.16,2.16,-0.34,-13.60,"93,007,191","870,763.36"
3 Months,WAFRAH,,22.40,25.64,19.3,19.36,-3.04,-13.57,"18,351,177","1,313,838.74"
3 Months,BUPA ARABIA,,171.00,178,147.8,147.8,-23.2,-13.57,"7,805,890","27,481,743.30"
3 Months,TCC,,7.89,7.9,6.81,6.82,-1.07,-13.56,"6,786,869","1,236,208.31"
3 Months,SAUDI ENERGY,,18.00,18.28,15.49,15.6,-2.4,-13.33,"67,868,264","17,004,354.51"
3 Months,TADAWUL GROUP,,134.00,137.2,115.5,116.4,-17.6,-13.13,"23,911,172","49,823,029.60"
3 Months,SHARQIYAH DEV,,14.42,17.21,12.4,12.53,-1.89,-13.11,"42,086,745","3,964,518.98"
3 Months,GAS,,17.76,18.29,14.75,15.46,-2.3,-12.95,"14,818,093","5,395,170.46"
3 Months,ALMAWARID,,103.00,112.2,88.95,89.75,-13.25,-12.86,"5,442,520","7,550,967.70"
3 Months,SINAD HOLDING,,8.99,9.26,7.55,7.84,-1.15,-12.79,"20,775,640","2,617,299.27"
3 Months,SAUDI CEMENT,,30.20,30.62,26.28,26.36,-3.84,-12.72,"9,509,498","5,822,724.58"
3 Months,ALINMA HOSPITALITY REIT,,8.29,8.35,7.21,7.24,-1.05,-12.67,"32,251,127","919,867.66"
3 Months,SHL,,14.96,16.1,13.01,13.07,-1.89,-12.63,"3,715,375","217,818.22"
3 Months,OASIS,,2.79,3.13,2.42,2.44,-0.35,-12.54,"106,880,058","3,806,132.70"
3 Months,ENTAJ,,24.45,29.98,19.96,21.4,-3.05,-12.47,"23,227,492","3,022,468.65"
3 Months,JAZADCO,,8.26,9.14,7.23,7.24,-1.02,-12.35,"13,847,796","943,563.32"
3 Months,ALMAJED OUD,,132.00,133.8,111.1,115.9,-16.1,-12.20,"2,194,950","9,303,668.50"
3 Months,SABIC,,52.45,53.35,46.02,46.06,-6.39,-12.18,"93,450,584","67,655,095.06"
3 Months,LAZURDE,,11.22,11.61,9.03,9.86,-1.36,-12.12,"11,714,091","3,105,082.18"
3 Months,RASAN,,153.50,156.8,123.1,135,-18.5,-12.05,"30,672,380","44,758,592.80"
3 Months,MODERN MILLS,,28.98,30.4,25.5,25.5,-3.48,-12.01,"5,833,399","3,576,614.06"
3 Months,RIYAD REIT,,5.04,5.05,4.41,4.44,-0.6,-11.90,"6,661,927","230,842.12"
3 Months,ALASEEL,,3.72,3.77,3.26,3.28,-0.44,-11.83,"27,182,062","897,898.09"
3 Months,SAUDI GERMAN HEALTH,,32.20,34,28.12,28.44,-3.76,-11.68,"24,629,687","8,483,160.48"
3 Months,CENOMI CENTERS,,15.96,16.06,13.74,14.1,-1.86,-11.65,"40,185,259","16,251,487.86"
3 Months,ALSAIF GALLERY,,6.84,6.87,5.98,6.06,-0.78,-11.40,"7,077,040","651,806.14"
3 Months,EQUIPMENT HOUSE,,29.64,30.4,26.02,26.32,-3.32,-11.20,"4,243,359","589,643.80"
3 Months,BUDGET SAUDI,,31.00,32.48,26.72,27.54,-3.46,-11.16,"43,383,463","12,480,780.56"
3 Months,SMC HEALTHCARE,,16.76,17.1,14,14.9,-1.86,-11.10,"29,541,040","2,715,281.55"
3 Months,TAWUNIYA,,97.85,98.52,81.72,87,-10.85,-11.09,"24,547,953","47,463,702.95"
3 Months,CHEMICAL,,8.23,8.57,7.27,7.32,-0.91,-11.06,"248,708,889","19,539,989.80"
3 Months,FOURTH MILLING,,4.21,4.21,3.75,3.75,-0.46,-10.93,"53,201,933","699,622.52"
3 Months,CITY CEMENT,,11.30,11.4,9.99,10.07,-1.23,-10.88,"33,539,058","1,839,383.08"
3 Months,ALMUNAJEM,,62.70,65.45,55.95,55.95,-6.75,-10.77,"7,120,138","2,446,405.75"
3 Months,ARDCO,,18.50,19.29,15.25,16.51,-1.99,-10.76,"24,920,689","6,196,294.40"
3 Months,EIC,,15.52,16,12.95,13.86,-1.66,-10.70,"221,601,522","73,757,949.69"
3 Months,SASCO,,45.00,46,37.2,40.2,-4.8,-10.67,"19,274,037","2,655,037.44"
3 Months,MCDC,,86.50,88,75.4,77.3,-9.2,-10.64,"9,807,449","18,065,769.00"
3 Months,GACO,,12.84,14.38,11.41,11.52,-1.32,-10.28,"8,354,909","886,010.04"
3 Months,NAJRAN CEMENT,,5.81,6.08,5.21,5.22,-0.59,-10.15,"19,106,562","1,667,412.42"
3 Months,ADVANCED,,23.82,25.3,21.4,21.42,-2.4,-10.08,"30,128,476","4,442,773.76"
3 Months,CHERRY,,24.20,25.42,21,21.79,-2.41,-9.96,"7,541,197","1,603,618.19"
3 Months,ADES,,18.80,19.56,16.04,16.93,-1.87,-9.95,"89,677,770","30,753,050.65"
3 Months,GULF GENERAL,,4.03,4.51,3.59,3.64,-0.39,-9.68,"22,573,187","1,086,387.23"
3 Months,ENAYA,,11.60,12.28,8.5,10.48,-1.12,-9.66,"57,663,497","11,081,924.40"
3 Months,SAICO,,10.70,11.4,9.07,9.68,-1.02,-9.53,"14,520,385","416,793.48"
3 Months,RIYADH CEMENT,,22.70,23.78,20.18,20.54,-2.16,-9.52,"8,824,408","2,889,134.60"
3 Months,LEEJAM SPORTS,,78.70,84.8,69.65,71.3,-7.4,-9.40,"8,209,512","6,586,545.90"
3 Months,SALEH ALRASHED,,42.88,44.46,36.6,39,-3.88,-9.05,"14,224,071","2,953,944.68"
3 Months,HERFY FOODS,,15.05,16.21,13.14,13.7,-1.35,-8.97,"7,804,187","1,686,146.83"
3 Months,GO TELECOM,,89.90,92.3,81.85,82,-7.9,-8.79,"9,493,978","7,594,858.25"
3 Months,OGC,,25.32,26.98,23,23.12,-2.2,-8.69,"8,074,763","1,824,092.34"
3 Months,ALJAZIRA REIT,,11.56,12.2,10.55,10.58,-0.98,-8.48,"5,059,508","141,254.81"
3 Months,AICC,,8.82,9.2,7.84,8.09,-0.73,-8.28,"12,484,938","1,523,186.69"
3 Months,FIRST MILLS,,54.10,55.5,48.2,49.64,-4.46,-8.24,"3,836,311","3,102,940.67"
3 Months,SPCC,,19.14,20.2,17.6,17.61,-1.53,-7.99,"3,628,091","710,077.87"
3 Months,YCC,,15.55,15.69,14.22,14.36,-1.19,-7.65,"27,243,263","8,306,152.47"
3 Months,ARAB SEA,,3.54,4.11,3.21,3.27,-0.27,-7.63,"53,405,827","3,440,784.61"
3 Months,JOUF CEMENT,,5.12,5.16,4.7,4.73,-0.39,-7.62,"9,355,594","417,117.44"
3 Months,EMAAR EC,,9.99,10.25,9,9.23,-0.76,-7.61,"20,693,107","1,620,841.66"
3 Months,DERAYAH REIT,,5.68,5.72,5.19,5.25,-0.43,-7.57,"9,048,007","45,270.10"
3 Months,SPPC,,7.45,9.73,6.52,6.92,-0.53,-7.11,"100,063,417","3,056,342.53"
3 Months,SAPTCO,,11.40,12.98,10.5,10.59,-0.81,-7.11,"53,602,353","4,483,528.79"
3 Months,ACIG,,7.37,9,6.23,6.85,-0.52,-7.06,"65,364,867","2,294,716.53"
3 Months,SIECO,,2.39,2.6,2.19,2.23,-0.16,-6.69,"209,450,463","1,528,371.47"
3 Months,SAUDI KAYAN,,5.25,5.62,4.9,4.9,-0.35,-6.67,"292,534,232","8,945,700.36"
3 Months,GULF UNION ALAHLIA,,14.06,15.34,12.81,13.13,-0.93,-6.61,"6,021,356","337,676.47"
3 Months,ALETIHAD,,6.92,9.04,6.35,6.47,-0.45,-6.50,"72,138,381","4,431,607.08"
3 Months,ALINMA RETAIL REIT,,4.84,5.01,4.44,4.53,-0.31,-6.40,"17,635,942","442,786.90"
3 Months,JARIR,,17.02,18.38,15.89,15.93,-1.09,-6.40,"135,715,514","41,454,921.86"
3 Months,GIG,,32.54,34.74,30,30.48,-2.06,-6.33,"7,430,195","925,588.86"
3 Months,TALEEM REIT,,10.75,11,9.99,10.07,-0.68,-6.33,"2,734,460","459,679.20"
3 Months,BINDAWOOD,,4.93,5.05,4.4,4.62,-0.31,-6.29,"36,820,971","2,553,578.07"
3 Months,ASTRA INDUSTRIAL,,132.30,141.9,121.3,124,-8.3,-6.27,"3,959,006","10,669,109.60"
3 Months,AMLAK,,8.87,9.2,8.21,8.32,-0.55,-6.20,"22,349,160","2,544,341.63"
3 Months,JADWA REIT ALHARAMAIN,,5.00,5,4.62,4.69,-0.31,-6.20,"3,452,773","36,911.28"
3 Months,MEFIC REIT,,3.39,3.42,3.14,3.18,-0.21,-6.19,"4,718,123","134,400.95"
3 Months,DBS,,11.21,12.78,9.95,10.52,-0.69,-6.16,"109,462,719","4,318,074.89"
3 Months,MASAR,,18.21,18.59,16.12,17.13,-1.08,-5.93,"84,264,900","33,184,077.35"
3 Months,ALAHLI REIT 1,,6.42,7.13,6.04,6.04,-0.38,-5.92,"7,542,751","464,867.34"
3 Months,BONYAN REIT,,10.03,10.24,9.33,9.44,-0.59,-5.88,"7,696,512","1,404,334.72"
3 Months,Al RAJHI REIT,,8.21,8.26,7.7,7.73,-0.48,-5.85,"13,543,370","1,843,875.07"
3 Months,ALMARAI,,46.20,49.94,42.8,43.5,-2.7,-5.84,"40,228,015","26,226,747.20"
3 Months,ALISTITHMAR REIT,,7.06,7.6,6.57,6.65,-0.41,-5.81,"6,115,510","36,936.31"
3 Months,MEDGULF,,16.42,17.9,14.39,15.47,-0.95,-5.79,"46,314,981","2,763,101.13"
3 Months,SABIC AGRI-NUTRIENTS,,124.10,132.6,115.9,117.3,-6.8,-5.48,"30,565,991","68,443,837.00"
3 Months,ALRAMZ,,56.00,57.2,49.04,52.95,-3.05,-5.45,"9,217,782","4,780,798.35"
3 Months,SVCP,,18.73,23.2,16.3,17.74,-0.99,-5.29,"15,650,759","3,981,043.04"
3 Months,ALAKARIA,,15.74,18.42,14.87,14.91,-0.83,-5.27,"42,124,789","4,669,151.72"
3 Months,FAKEEH CARE,,36.76,40,33.96,34.86,-1.9,-5.17,"6,512,624","1,300,120.68"
3 Months,TAMKEEN,,45.52,50.95,42.76,43.18,-2.34,-5.14,"4,290,253","1,099,053.94"
3 Months,SAL,,177.60,180.5,161,169,-8.6,-4.84,"13,400,705","10,415,007.90"
3 Months,CGS,,6.64,7.15,6.11,6.32,-0.32,-4.82,"43,127,635","1,265,986.84"
3 Months,UCIC,,25.84,28.94,24.3,24.6,-1.24,-4.80,"10,036,254","2,151,937.17"
3 Months,ZAIN KSA,,10.25,10.61,9.77,9.77,-0.48,-4.68,"97,898,445","29,743,801.15"
3 Months,MULKIA REIT,,4.62,4.63,4.4,4.42,-0.2,-4.33,"3,699,885","151,893.43"
3 Months,ALAMAR,,40.44,43.66,36.6,38.7,-1.74,-4.30,"5,747,921","1,806,064.96"
3 Months,ALRAJHI,,66.00,69.55,62,63.3,-2.7,-4.09,"379,967,560","679,518,085.55"
3 Months,SEERA,,20.98,22.75,19.89,20.14,-0.84,-4.00,"64,053,112","14,353,057.72"
3 Months,BCI,,24.08,26.38,22.56,23.14,-0.94,-3.90,"3,064,446","609,479.96"
3 Months,ASLAK,,16.86,19.5,15.21,16.23,-0.63,-3.74,"6,296,543","416,354.63"
3 Months,NAYIFAT,,9.96,10.29,9.23,9.59,-0.37,-3.71,"14,156,114","806,744.94"
3 Months,ALKHABEER REIT,,5.73,5.75,5.47,5.52,-0.21,-3.66,"7,921,036","810,784.29"
3 Months,ANAAM HOLDING,,12.19,13.37,11.09,11.75,-0.44,-3.61,"31,561,934","2,978,134.31"
3 Months,SAUDI ARAMCO,,26.12,27.26,25.18,25.22,-0.9,-3.45,"522,166,618","307,876,680.30"
3 Months,NORTHERN CEMENT,,6.74,7.19,6.31,6.52,-0.22,-3.26,"17,106,254","694,752.47"
3 Months,ALUJAIN,,27.34,29.2,26.06,26.46,-0.88,-3.22,"27,136,629","5,763,904.20"
3 Months,ZOUJAJ,,36.22,39.88,34.9,35.06,-1.16,-3.20,"9,373,844","2,634,197.08"
3 Months,ALRAJHI TAKAFUL,,52.10,58.5,48.22,50.45,-1.65,-3.17,"24,114,420","16,891,227.15"
3 Months,QACCO,,44.62,45.98,42.84,43.28,-1.34,-3.00,"6,465,638","5,136,297.80"
3 Months,TALCO,,33.48,36.3,30.42,32.48,-1,-2.99,"2,754,988","1,168,576.84"
3 Months,NAHDI,,93.70,96.9,89.75,91,-2.7,-2.88,"7,682,038","4,577,386.85"
3 Months,TAIBA,,18.77,19.66,17.54,18.33,-0.44,-2.34,"10,373,576","2,116,509.70"
3 Months,LIVA,,12.99,16.4,12.43,12.71,-0.28,-2.16,"36,427,762","2,085,985.30"
3 Months,ALANDALUS,,14.10,15.47,13.52,13.82,-0.28,-1.99,"4,504,851","756,392.66"
3 Months,STC,,43.60,44.78,42.26,42.74,-0.86,-1.97,"137,011,172","107,757,926.42"
3 Months,MOUWASAT,,62.40,67.1,59.45,61.45,-0.95,-1.52,"26,584,261","13,338,305.90"
3 Months,CARE,,104.80,131,102.3,103.3,-1.5,-1.43,"5,820,873","20,823,320.50"
3 Months,APC,,5.29,6,4.83,5.22,-0.07,-1.32,"345,457,409","19,754,873.10"
3 Months,PETROCHEM,,46.05,46.05,45.4,45.45,-0.6,-1.30,"289,936","4,661,416.70"
3 Months,BANAN,,3.08,3.57,2.85,3.04,-0.04,-1.30,"35,546,918","1,202,369.62"
3 Months,BJAZ,,11.67,12.55,11.47,11.52,-0.15,-1.29,"230,814,315","39,169,566.13"
3 Months,ALMOOSA,,119.20,123,110.4,117.8,-1.4,-1.17,"1,602,168","12,807,611.90"
3 Months,TANMIAH,,56.70,66,52.05,56.1,-0.6,-1.06,"8,866,272","6,756,096.95"
3 Months,UCA,,3.41,3.77,3,3.38,-0.03,-0.88,"34,627,282","2,585,990.17"
3 Months,ALBILAD,,24.00,26.48,23.8,23.81,-0.19,-0.79,"77,175,463","46,827,798.31"
3 Months,ARABIAN SHIELD,,12.10,12.9,10.99,12.01,-0.09,-0.74,"16,200,486","1,674,646.09"
3 Months,SARCO,,51.60,61.95,46.32,51.4,-0.2,-0.39,"18,952,765","6,996,673.70"
3 Months,NCLE,,130.80,152.4,122,130.5,-0.3,-0.23,"1,665,329","2,020,247.10"
